/*
 Navicat Premium Data Transfer

 Source Server         : localhost
 Source Server Type    : MySQL
 Source Server Version : 80018 (8.0.18)
 Source Host           : localhost:3306
 Source Schema         : ry-cloud

 Target Server Type    : MySQL
 Target Server Version : 80018 (8.0.18)
 File Encoding         : 65001

 Date: 29/04/2026 09:43:52
*/

SET NAMES utf8mb4;
SET FOREIGN_KEY_CHECKS = 0;

-- ----------------------------
-- Table structure for gen_table
-- ----------------------------
DROP TABLE IF EXISTS `gen_table`;
CREATE TABLE `gen_table`  (
  `table_id` bigint(20) NOT NULL AUTO_INCREMENT COMMENT '编号',
  `table_name` varchar(200) CHARACTER SET utf8mb4 COLLATE utf8mb4_unicode_ci NULL DEFAULT '' COMMENT '表名称',
  `table_comment` varchar(500) CHARACTER SET utf8mb4 COLLATE utf8mb4_unicode_ci NULL DEFAULT '' COMMENT '表描述',
  `sub_table_name` varchar(64) CHARACTER SET utf8mb4 COLLATE utf8mb4_unicode_ci NULL DEFAULT NULL COMMENT '关联子表的表名',
  `sub_table_fk_name` varchar(64) CHARACTER SET utf8mb4 COLLATE utf8mb4_unicode_ci NULL DEFAULT NULL COMMENT '子表关联的外键名',
  `class_name` varchar(100) CHARACTER SET utf8mb4 COLLATE utf8mb4_unicode_ci NULL DEFAULT '' COMMENT '实体类名称',
  `tpl_category` varchar(200) CHARACTER SET utf8mb4 COLLATE utf8mb4_unicode_ci NULL DEFAULT 'crud' COMMENT '使用的模板（crud单表操作 tree树表操作）',
  `tpl_web_type` varchar(30) CHARACTER SET utf8mb4 COLLATE utf8mb4_unicode_ci NULL DEFAULT '' COMMENT '前端模板类型（element-ui模版 element-plus模版）',
  `package_name` varchar(100) CHARACTER SET utf8mb4 COLLATE utf8mb4_unicode_ci NULL DEFAULT NULL COMMENT '生成包路径',
  `module_name` varchar(30) CHARACTER SET utf8mb4 COLLATE utf8mb4_unicode_ci NULL DEFAULT NULL COMMENT '生成模块名',
  `business_name` varchar(30) CHARACTER SET utf8mb4 COLLATE utf8mb4_unicode_ci NULL DEFAULT NULL COMMENT '生成业务名',
  `function_name` varchar(50) CHARACTER SET utf8mb4 COLLATE utf8mb4_unicode_ci NULL DEFAULT NULL COMMENT '生成功能名',
  `function_author` varchar(50) CHARACTER SET utf8mb4 COLLATE utf8mb4_unicode_ci NULL DEFAULT NULL COMMENT '生成功能作者',
  `form_col_num` int(1) NULL DEFAULT 1 COMMENT '表单布局（单列 双列 三列）',
  `gen_type` char(1) CHARACTER SET utf8mb4 COLLATE utf8mb4_unicode_ci NULL DEFAULT '0' COMMENT '生成代码方式（0zip压缩包 1自定义路径）',
  `gen_path` varchar(200) CHARACTER SET utf8mb4 COLLATE utf8mb4_unicode_ci NULL DEFAULT '/' COMMENT '生成路径（不填默认项目路径）',
  `options` varchar(1000) CHARACTER SET utf8mb4 COLLATE utf8mb4_unicode_ci NULL DEFAULT NULL COMMENT '其它生成选项',
  `create_by` varchar(64) CHARACTER SET utf8mb4 COLLATE utf8mb4_unicode_ci NULL DEFAULT '' COMMENT '创建者',
  `create_time` datetime NULL DEFAULT NULL COMMENT '创建时间',
  `update_by` varchar(64) CHARACTER SET utf8mb4 COLLATE utf8mb4_unicode_ci NULL DEFAULT '' COMMENT '更新者',
  `update_time` datetime NULL DEFAULT NULL COMMENT '更新时间',
  `remark` varchar(500) CHARACTER SET utf8mb4 COLLATE utf8mb4_unicode_ci NULL DEFAULT NULL COMMENT '备注',
  PRIMARY KEY (`table_id`) USING BTREE
) ENGINE = InnoDB AUTO_INCREMENT = 8 CHARACTER SET = utf8mb4 COLLATE = utf8mb4_unicode_ci COMMENT = '代码生成业务表' ROW_FORMAT = Dynamic;

-- ----------------------------
-- Records of gen_table
-- ----------------------------
INSERT INTO `gen_table` VALUES (1, 'mkt_coupon', '优惠券模板表', NULL, NULL, 'MktCoupon', 'crud', 'element-ui', 'com.ruoyi.system', 'system', 'coupon', '优惠券模板', 'ruoyi', 1, '0', '/', NULL, 'admin', '2026-04-27 19:03:10', '', NULL, NULL);
INSERT INTO `gen_table` VALUES (2, 'mkt_user_coupon', '用户领券记录表', NULL, NULL, 'MktUserCoupon', 'crud', 'element-ui', 'com.ruoyi.system', 'system', 'coupon', '用户领券记录', 'ruoyi', 1, '0', '/', NULL, 'admin', '2026-04-27 19:03:10', '', NULL, NULL);
INSERT INTO `gen_table` VALUES (3, 'ord_item', '订单明细表', NULL, NULL, 'OrdItem', 'crud', 'element-ui', 'com.ruoyi.order', 'order', 'OrdItem', '订单明细', '韦亚宁', 1, '0', '/', '{\"genView\":\"1\",\"parentMenuId\":2000}', 'admin', '2026-04-27 19:03:10', '', '2026-04-27 19:32:41', NULL);
INSERT INTO `gen_table` VALUES (4, 'ord_order', '订单主表', NULL, NULL, 'OrdOrder', 'crud', 'element-ui', 'com.ruoyi.order', 'order', 'OrdOrder', '订单主表', '韦亚宁', 1, '0', '/', '{\"genView\":\"1\",\"parentMenuId\":2000}', 'admin', '2026-04-27 19:03:10', '', '2026-04-27 19:31:17', NULL);
INSERT INTO `gen_table` VALUES (5, 'ord_payment', '支付流水表', NULL, NULL, 'OrdPayment', 'crud', 'element-ui', 'com.ruoyi.order', 'order', 'OrdPayment', '支付流水', '韦亚宁', 1, '0', '/', '{\"genView\":\"1\",\"parentMenuId\":2000}', 'admin', '2026-04-27 19:03:10', '', '2026-04-27 19:32:12', NULL);
INSERT INTO `gen_table` VALUES (6, 'pts_account', '积分账户表', NULL, NULL, 'PtsAccount', 'crud', 'element-ui', 'com.ruoyi.points', 'points', 'PtsAccount', '积分账户', '韦亚宁', 1, '0', '/', '{\"genView\":\"1\",\"parentMenuId\":2019}', 'admin', '2026-04-27 19:03:10', '', '2026-04-27 20:32:53', NULL);
INSERT INTO `gen_table` VALUES (7, 'pts_log', '积分流水表', NULL, NULL, 'PtsLog', 'crud', 'element-ui', 'com.ruoyi.points', 'points', 'PtsLog', '积分流水', '韦亚宁', 1, '0', '/', '{\"genView\":\"1\",\"parentMenuId\":2019}', 'admin', '2026-04-27 19:03:10', '', '2026-04-27 20:33:34', NULL);

-- ----------------------------
-- Table structure for gen_table_column
-- ----------------------------
DROP TABLE IF EXISTS `gen_table_column`;
CREATE TABLE `gen_table_column`  (
  `column_id` bigint(20) NOT NULL AUTO_INCREMENT COMMENT '编号',
  `table_id` bigint(20) NULL DEFAULT NULL COMMENT '归属表编号',
  `column_name` varchar(200) CHARACTER SET utf8mb4 COLLATE utf8mb4_unicode_ci NULL DEFAULT NULL COMMENT '列名称',
  `column_comment` varchar(500) CHARACTER SET utf8mb4 COLLATE utf8mb4_unicode_ci NULL DEFAULT NULL COMMENT '列描述',
  `column_type` varchar(100) CHARACTER SET utf8mb4 COLLATE utf8mb4_unicode_ci NULL DEFAULT NULL COMMENT '列类型',
  `java_type` varchar(500) CHARACTER SET utf8mb4 COLLATE utf8mb4_unicode_ci NULL DEFAULT NULL COMMENT 'JAVA类型',
  `java_field` varchar(200) CHARACTER SET utf8mb4 COLLATE utf8mb4_unicode_ci NULL DEFAULT NULL COMMENT 'JAVA字段名',
  `is_pk` char(1) CHARACTER SET utf8mb4 COLLATE utf8mb4_unicode_ci NULL DEFAULT NULL COMMENT '是否主键（1是）',
  `is_increment` char(1) CHARACTER SET utf8mb4 COLLATE utf8mb4_unicode_ci NULL DEFAULT NULL COMMENT '是否自增（1是）',
  `is_required` char(1) CHARACTER SET utf8mb4 COLLATE utf8mb4_unicode_ci NULL DEFAULT NULL COMMENT '是否必填（1是）',
  `is_insert` char(1) CHARACTER SET utf8mb4 COLLATE utf8mb4_unicode_ci NULL DEFAULT NULL COMMENT '是否为插入字段（1是）',
  `is_edit` char(1) CHARACTER SET utf8mb4 COLLATE utf8mb4_unicode_ci NULL DEFAULT NULL COMMENT '是否编辑字段（1是）',
  `is_list` char(1) CHARACTER SET utf8mb4 COLLATE utf8mb4_unicode_ci NULL DEFAULT NULL COMMENT '是否列表字段（1是）',
  `is_query` char(1) CHARACTER SET utf8mb4 COLLATE utf8mb4_unicode_ci NULL DEFAULT NULL COMMENT '是否查询字段（1是）',
  `query_type` varchar(200) CHARACTER SET utf8mb4 COLLATE utf8mb4_unicode_ci NULL DEFAULT 'EQ' COMMENT '查询方式（等于、不等于、大于、小于、范围）',
  `html_type` varchar(200) CHARACTER SET utf8mb4 COLLATE utf8mb4_unicode_ci NULL DEFAULT NULL COMMENT '显示类型（文本框、文本域、下拉框、复选框、单选框、日期控件）',
  `dict_type` varchar(200) CHARACTER SET utf8mb4 COLLATE utf8mb4_unicode_ci NULL DEFAULT '' COMMENT '字典类型',
  `sort` int(11) NULL DEFAULT NULL COMMENT '排序',
  `create_by` varchar(64) CHARACTER SET utf8mb4 COLLATE utf8mb4_unicode_ci NULL DEFAULT '' COMMENT '创建者',
  `create_time` datetime NULL DEFAULT NULL COMMENT '创建时间',
  `update_by` varchar(64) CHARACTER SET utf8mb4 COLLATE utf8mb4_unicode_ci NULL DEFAULT '' COMMENT '更新者',
  `update_time` datetime NULL DEFAULT NULL COMMENT '更新时间',
  PRIMARY KEY (`column_id`) USING BTREE
) ENGINE = InnoDB AUTO_INCREMENT = 65 CHARACTER SET = utf8mb4 COLLATE = utf8mb4_unicode_ci COMMENT = '代码生成业务表字段' ROW_FORMAT = Dynamic;

-- ----------------------------
-- Records of gen_table_column
-- ----------------------------
INSERT INTO `gen_table_column` VALUES (1, 1, 'id', NULL, 'bigint(20)', 'Long', 'id', '1', '1', NULL, '1', NULL, NULL, NULL, 'EQ', 'input', '', 1, 'admin', '2026-04-27 19:03:10', '', NULL);
INSERT INTO `gen_table_column` VALUES (2, 1, 'name', '优惠券名称', 'varchar(100)', 'String', 'name', '0', '0', '1', '1', '1', '1', '1', 'LIKE', 'input', '', 2, 'admin', '2026-04-27 19:03:10', '', NULL);
INSERT INTO `gen_table_column` VALUES (3, 1, 'type', '类型:1-满减;2-折扣', 'tinyint(4)', 'Integer', 'type', '0', '0', '1', '1', '1', '1', '1', 'EQ', 'select', '', 3, 'admin', '2026-04-27 19:03:10', '', NULL);
INSERT INTO `gen_table_column` VALUES (4, 1, 'condition_amount', '门槛金额(分)', 'bigint(20)', 'Long', 'conditionAmount', '0', '0', '1', '1', '1', '1', '1', 'EQ', 'input', '', 4, 'admin', '2026-04-27 19:03:10', '', NULL);
INSERT INTO `gen_table_column` VALUES (5, 1, 'discount_amount', '优惠金额(分)', 'bigint(20)', 'Long', 'discountAmount', '0', '0', '1', '1', '1', '1', '1', 'EQ', 'input', '', 5, 'admin', '2026-04-27 19:03:10', '', NULL);
INSERT INTO `gen_table_column` VALUES (6, 1, 'total_count', '总量(-1不限)', 'int(11)', 'Long', 'totalCount', '0', '0', '1', '1', '1', '1', '1', 'EQ', 'input', '', 6, 'admin', '2026-04-27 19:03:10', '', NULL);
INSERT INTO `gen_table_column` VALUES (7, 1, 'per_limit', '每人限领', 'int(11)', 'Long', 'perLimit', '0', '0', '1', '1', '1', '1', '1', 'EQ', 'input', '', 7, 'admin', '2026-04-27 19:03:10', '', NULL);
INSERT INTO `gen_table_column` VALUES (8, 1, 'start_time', NULL, 'datetime', 'Date', 'startTime', '0', '0', '1', '1', '1', '1', '1', 'EQ', 'datetime', '', 8, 'admin', '2026-04-27 19:03:10', '', NULL);
INSERT INTO `gen_table_column` VALUES (9, 1, 'end_time', NULL, 'datetime', 'Date', 'endTime', '0', '0', '1', '1', '1', '1', '1', 'EQ', 'datetime', '', 9, 'admin', '2026-04-27 19:03:10', '', NULL);
INSERT INTO `gen_table_column` VALUES (10, 1, 'validity_days', '有效天数', 'int(11)', 'Long', 'validityDays', '0', '0', NULL, '1', '1', '1', '1', 'EQ', 'input', '', 10, 'admin', '2026-04-27 19:03:10', '', NULL);
INSERT INTO `gen_table_column` VALUES (11, 2, 'id', NULL, 'bigint(20)', 'Long', 'id', '1', '1', NULL, '1', NULL, NULL, NULL, 'EQ', 'input', '', 1, 'admin', '2026-04-27 19:03:10', '', NULL);
INSERT INTO `gen_table_column` VALUES (12, 2, 'coupon_id', '模板ID', 'bigint(20)', 'Long', 'couponId', '0', '0', '1', '1', '1', '1', '1', 'EQ', 'input', '', 2, 'admin', '2026-04-27 19:03:10', '', NULL);
INSERT INTO `gen_table_column` VALUES (13, 2, 'user_id', '用户ID', 'bigint(20)', 'Long', 'userId', '0', '0', '1', '1', '1', '1', '1', 'EQ', 'input', '', 3, 'admin', '2026-04-27 19:03:10', '', NULL);
INSERT INTO `gen_table_column` VALUES (14, 2, 'coupon_code', '券码', 'varchar(64)', 'String', 'couponCode', '0', '0', '1', '1', '1', '1', '1', 'EQ', 'input', '', 4, 'admin', '2026-04-27 19:03:10', '', NULL);
INSERT INTO `gen_table_column` VALUES (15, 2, 'use_status', '状态:0-未用;1-已用', 'tinyint(4)', 'Integer', 'useStatus', '0', '0', '1', '1', '1', '1', '1', 'EQ', 'radio', '', 5, 'admin', '2026-04-27 19:03:10', '', NULL);
INSERT INTO `gen_table_column` VALUES (16, 2, 'order_id', '核销订单ID', 'bigint(20)', 'Long', 'orderId', '0', '0', NULL, '1', '1', '1', '1', 'EQ', 'input', '', 6, 'admin', '2026-04-27 19:03:10', '', NULL);
INSERT INTO `gen_table_column` VALUES (17, 2, 'start_time', NULL, 'datetime', 'Date', 'startTime', '0', '0', '1', '1', '1', '1', '1', 'EQ', 'datetime', '', 7, 'admin', '2026-04-27 19:03:10', '', NULL);
INSERT INTO `gen_table_column` VALUES (18, 2, 'end_time', NULL, 'datetime', 'Date', 'endTime', '0', '0', '1', '1', '1', '1', '1', 'EQ', 'datetime', '', 8, 'admin', '2026-04-27 19:03:10', '', NULL);
INSERT INTO `gen_table_column` VALUES (19, 2, 'obtain_time', NULL, 'datetime', 'Date', 'obtainTime', '0', '0', '1', '1', '1', '1', '1', 'EQ', 'datetime', '', 9, 'admin', '2026-04-27 19:03:10', '', NULL);
INSERT INTO `gen_table_column` VALUES (20, 2, 'use_time', NULL, 'datetime', 'Date', 'useTime', '0', '0', NULL, '1', '1', '1', '1', 'EQ', 'datetime', '', 10, 'admin', '2026-04-27 19:03:10', '', NULL);
INSERT INTO `gen_table_column` VALUES (21, 3, 'id', NULL, 'bigint(20)', 'Long', 'id', '1', '1', NULL, '1', NULL, NULL, NULL, 'EQ', 'input', '', 1, 'admin', '2026-04-27 19:03:10', '', '2026-04-27 19:32:41');
INSERT INTO `gen_table_column` VALUES (22, 3, 'order_id', '关联订单ID', 'bigint(20)', 'Long', 'orderId', '0', '0', '1', '1', '1', '1', '1', 'EQ', 'input', '', 2, 'admin', '2026-04-27 19:03:10', '', '2026-04-27 19:32:41');
INSERT INTO `gen_table_column` VALUES (23, 3, 'product_id', '商品ID', 'bigint(20)', 'Long', 'productId', '0', '0', '1', '1', '1', '1', '1', 'EQ', 'input', '', 3, 'admin', '2026-04-27 19:03:10', '', '2026-04-27 19:32:41');
INSERT INTO `gen_table_column` VALUES (24, 3, 'product_name', '商品名称快照', 'varchar(255)', 'String', 'productName', '0', '0', '1', '1', '1', '1', '1', 'LIKE', 'input', '', 4, 'admin', '2026-04-27 19:03:10', '', '2026-04-27 19:32:41');
INSERT INTO `gen_table_column` VALUES (25, 3, 'product_sku_code', 'SKU编码快照', 'varchar(64)', 'String', 'productSkuCode', '0', '0', '1', '1', '1', '1', '1', 'EQ', 'input', '', 5, 'admin', '2026-04-27 19:03:10', '', '2026-04-27 19:32:41');
INSERT INTO `gen_table_column` VALUES (26, 3, 'product_price', '单价(分)', 'bigint(20)', 'Long', 'productPrice', '0', '0', '1', '1', '1', '1', '1', 'EQ', 'input', '', 6, 'admin', '2026-04-27 19:03:10', '', '2026-04-27 19:32:41');
INSERT INTO `gen_table_column` VALUES (27, 3, 'product_quantity', '数量', 'int(11)', 'Long', 'productQuantity', '0', '0', '1', '1', '1', '1', '1', 'EQ', 'input', '', 7, 'admin', '2026-04-27 19:03:10', '', '2026-04-27 19:32:41');
INSERT INTO `gen_table_column` VALUES (28, 3, 'product_total_price', '总价(分)', 'bigint(20)', 'Long', 'productTotalPrice', '0', '0', '1', '1', '1', '1', '1', 'EQ', 'input', '', 8, 'admin', '2026-04-27 19:03:10', '', '2026-04-27 19:32:41');
INSERT INTO `gen_table_column` VALUES (29, 4, 'id', '主键ID', 'bigint(20)', 'Long', 'id', '1', '1', NULL, '1', NULL, NULL, NULL, 'EQ', 'input', '', 1, 'admin', '2026-04-27 19:03:10', '', '2026-04-27 19:31:17');
INSERT INTO `gen_table_column` VALUES (30, 4, 'order_sn', '订单编号', 'varchar(64)', 'String', 'orderSn', '0', '0', '1', '1', '1', '1', '1', 'EQ', 'input', '', 2, 'admin', '2026-04-27 19:03:10', '', '2026-04-27 19:31:17');
INSERT INTO `gen_table_column` VALUES (31, 4, 'member_id', '用户ID', 'bigint(20)', 'Long', 'memberId', '0', '0', '1', '1', '1', '1', '1', 'EQ', 'input', '', 3, 'admin', '2026-04-27 19:03:10', '', '2026-04-27 19:31:17');
INSERT INTO `gen_table_column` VALUES (32, 4, 'status', '状态:0-待支付;1-待发货;2-已发货;3-已完成;4-已关闭', 'tinyint(4)', 'Integer', 'status', '0', '0', '1', '1', '1', '1', '1', 'EQ', 'radio', '', 4, 'admin', '2026-04-27 19:03:10', '', '2026-04-27 19:31:17');
INSERT INTO `gen_table_column` VALUES (33, 4, 'total_amount', '总金额(分)', 'bigint(20)', 'Long', 'totalAmount', '0', '0', '1', '1', '1', '1', '1', 'EQ', 'input', '', 5, 'admin', '2026-04-27 19:03:10', '', '2026-04-27 19:31:17');
INSERT INTO `gen_table_column` VALUES (34, 4, 'pay_amount', '应付金额(分)', 'bigint(20)', 'Long', 'payAmount', '0', '0', '1', '1', '1', '1', '1', 'EQ', 'input', '', 6, 'admin', '2026-04-27 19:03:10', '', '2026-04-27 19:31:17');
INSERT INTO `gen_table_column` VALUES (35, 4, 'promotion_amount', '优惠金额(分)', 'bigint(20)', 'Long', 'promotionAmount', '0', '0', '1', '1', '1', '1', '1', 'EQ', 'input', '', 7, 'admin', '2026-04-27 19:03:10', '', '2026-04-27 19:31:17');
INSERT INTO `gen_table_column` VALUES (36, 4, 'freight_amount', '运费(分)', 'bigint(20)', 'Long', 'freightAmount', '0', '0', '1', '1', '1', '1', '1', 'EQ', 'input', '', 8, 'admin', '2026-04-27 19:03:10', '', '2026-04-27 19:31:17');
INSERT INTO `gen_table_column` VALUES (37, 4, 'payment_type', '支付方式:1-微信;2-支付宝', 'tinyint(4)', 'Integer', 'paymentType', '0', '0', NULL, '1', '1', '1', '1', 'EQ', 'select', '', 9, 'admin', '2026-04-27 19:03:10', '', '2026-04-27 19:31:17');
INSERT INTO `gen_table_column` VALUES (38, 4, 'payment_time', '支付时间', 'datetime', 'Date', 'paymentTime', '0', '0', NULL, '1', '1', '1', '1', 'EQ', 'datetime', '', 10, 'admin', '2026-04-27 19:03:10', '', '2026-04-27 19:31:17');
INSERT INTO `gen_table_column` VALUES (39, 4, 'expire_time', '过期时间', 'datetime', 'Date', 'expireTime', '0', '0', NULL, '1', '1', '1', '1', 'EQ', 'datetime', '', 11, 'admin', '2026-04-27 19:03:10', '', '2026-04-27 19:31:17');
INSERT INTO `gen_table_column` VALUES (40, 4, 'version', '乐观锁版本号', 'int(11)', 'Long', 'version', '0', '0', '1', '1', '1', '1', '1', 'EQ', 'input', '', 12, 'admin', '2026-04-27 19:03:10', '', '2026-04-27 19:31:17');
INSERT INTO `gen_table_column` VALUES (41, 4, 'create_time', NULL, 'datetime', 'Date', 'createTime', '0', '0', '1', '1', NULL, NULL, NULL, 'EQ', 'datetime', '', 13, 'admin', '2026-04-27 19:03:10', '', '2026-04-27 19:31:17');
INSERT INTO `gen_table_column` VALUES (42, 4, 'update_time', NULL, 'datetime', 'Date', 'updateTime', '0', '0', '1', '1', '1', NULL, NULL, 'EQ', 'datetime', '', 14, 'admin', '2026-04-27 19:03:10', '', '2026-04-27 19:31:17');
INSERT INTO `gen_table_column` VALUES (43, 5, 'id', NULL, 'bigint(20)', 'Long', 'id', '1', '1', NULL, '1', NULL, NULL, NULL, 'EQ', 'input', '', 1, 'admin', '2026-04-27 19:03:10', '', '2026-04-27 19:32:12');
INSERT INTO `gen_table_column` VALUES (44, 5, 'order_id', '关联订单ID', 'bigint(20)', 'Long', 'orderId', '0', '0', '1', '1', '1', '1', '1', 'EQ', 'input', '', 2, 'admin', '2026-04-27 19:03:10', '', '2026-04-27 19:32:12');
INSERT INTO `gen_table_column` VALUES (45, 5, 'payment_sn', '支付流水号', 'varchar(64)', 'String', 'paymentSn', '0', '0', '1', '1', '1', '1', '1', 'EQ', 'input', '', 3, 'admin', '2026-04-27 19:03:10', '', '2026-04-27 19:32:12');
INSERT INTO `gen_table_column` VALUES (46, 5, 'transaction_id', '第三方交易号', 'varchar(64)', 'String', 'transactionId', '0', '0', NULL, '1', '1', '1', '1', 'EQ', 'input', '', 4, 'admin', '2026-04-27 19:03:10', '', '2026-04-27 19:32:12');
INSERT INTO `gen_table_column` VALUES (47, 5, 'amount', '金额(分)', 'bigint(20)', 'Long', 'amount', '0', '0', '1', '1', '1', '1', '1', 'EQ', 'input', '', 5, 'admin', '2026-04-27 19:03:10', '', '2026-04-27 19:32:12');
INSERT INTO `gen_table_column` VALUES (48, 5, 'status', '状态:0-未支付;1-成功', 'tinyint(4)', 'Integer', 'status', '0', '0', '1', '1', '1', '1', '1', 'EQ', 'radio', '', 6, 'admin', '2026-04-27 19:03:10', '', '2026-04-27 19:32:12');
INSERT INTO `gen_table_column` VALUES (49, 5, 'payment_time', NULL, 'datetime', 'Date', 'paymentTime', '0', '0', NULL, '1', '1', '1', '1', 'EQ', 'datetime', '', 7, 'admin', '2026-04-27 19:03:10', '', '2026-04-27 19:32:12');
INSERT INTO `gen_table_column` VALUES (50, 5, 'create_time', NULL, 'datetime', 'Date', 'createTime', '0', '0', '1', '1', NULL, NULL, NULL, 'EQ', 'datetime', '', 8, 'admin', '2026-04-27 19:03:10', '', '2026-04-27 19:32:12');
INSERT INTO `gen_table_column` VALUES (51, 6, 'user_id', '用户ID', 'bigint(20)', 'Long', 'userId', '1', '0', NULL, '1', NULL, NULL, NULL, 'EQ', 'input', '', 1, 'admin', '2026-04-27 19:03:10', '', '2026-04-27 20:32:53');
INSERT INTO `gen_table_column` VALUES (52, 6, 'total_points', '总积分', 'bigint(20)', 'Long', 'totalPoints', '0', '0', '1', '1', '1', '1', '1', 'EQ', 'input', '', 2, 'admin', '2026-04-27 19:03:10', '', '2026-04-27 20:32:53');
INSERT INTO `gen_table_column` VALUES (53, 6, 'frozen_points', '冻结积分', 'bigint(20)', 'Long', 'frozenPoints', '0', '0', '1', '1', '1', '1', '1', 'EQ', 'input', '', 3, 'admin', '2026-04-27 19:03:10', '', '2026-04-27 20:32:53');
INSERT INTO `gen_table_column` VALUES (54, 6, 'version', '乐观锁版本', 'int(11)', 'Long', 'version', '0', '0', '1', '1', '1', '1', '1', 'EQ', 'input', '', 4, 'admin', '2026-04-27 19:03:10', '', '2026-04-27 20:32:53');
INSERT INTO `gen_table_column` VALUES (55, 6, 'update_time', NULL, 'datetime', 'Date', 'updateTime', '0', '0', '1', '1', '1', NULL, NULL, 'EQ', 'datetime', '', 5, 'admin', '2026-04-27 19:03:10', '', '2026-04-27 20:32:53');
INSERT INTO `gen_table_column` VALUES (56, 7, 'id', NULL, 'bigint(20)', 'Long', 'id', '1', '1', NULL, '1', NULL, NULL, NULL, 'EQ', 'input', '', 1, 'admin', '2026-04-27 19:03:10', '', '2026-04-27 20:33:34');
INSERT INTO `gen_table_column` VALUES (57, 7, 'user_id', '用户ID', 'bigint(20)', 'Long', 'userId', '0', '0', '1', '1', '1', '1', '1', 'EQ', 'input', '', 2, 'admin', '2026-04-27 19:03:10', '', '2026-04-27 20:33:34');
INSERT INTO `gen_table_column` VALUES (58, 7, 'type', '类型:1-增加;2-扣减', 'tinyint(4)', 'Integer', 'type', '0', '0', '1', '1', '1', '1', '1', 'EQ', 'select', '', 3, 'admin', '2026-04-27 19:03:10', '', '2026-04-27 20:33:34');
INSERT INTO `gen_table_column` VALUES (59, 7, 'amount', '变动数值', 'bigint(20)', 'Long', 'amount', '0', '0', '1', '1', '1', '1', '1', 'EQ', 'input', '', 4, 'admin', '2026-04-27 19:03:10', '', '2026-04-27 20:33:34');
INSERT INTO `gen_table_column` VALUES (60, 7, 'balance_snapshot', '变动后余额快照', 'bigint(20)', 'Long', 'balanceSnapshot', '0', '0', '1', '1', '1', '1', '1', 'EQ', 'input', '', 5, 'admin', '2026-04-27 19:03:10', '', '2026-04-27 20:33:34');
INSERT INTO `gen_table_column` VALUES (61, 7, 'source_type', '来源:ORDER,SIGN', 'varchar(32)', 'String', 'sourceType', '0', '0', '1', '1', '1', '1', '1', 'EQ', 'select', '', 6, 'admin', '2026-04-27 19:03:10', '', '2026-04-27 20:33:34');
INSERT INTO `gen_table_column` VALUES (62, 7, 'source_id', '来源业务ID(幂等)', 'varchar(64)', 'String', 'sourceId', '0', '0', '1', '1', '1', '1', '1', 'EQ', 'input', '', 7, 'admin', '2026-04-27 19:03:10', '', '2026-04-27 20:33:34');
INSERT INTO `gen_table_column` VALUES (63, 7, 'description', NULL, 'varchar(255)', 'String', 'description', '0', '0', NULL, '1', '1', '1', '1', 'EQ', 'input', '', 8, 'admin', '2026-04-27 19:03:10', '', '2026-04-27 20:33:34');
INSERT INTO `gen_table_column` VALUES (64, 7, 'create_time', NULL, 'datetime', 'Date', 'createTime', '0', '0', '1', '1', NULL, NULL, NULL, 'EQ', 'datetime', '', 9, 'admin', '2026-04-27 19:03:10', '', '2026-04-27 20:33:34');

-- ----------------------------
-- Table structure for mkt_coupon
-- ----------------------------
DROP TABLE IF EXISTS `mkt_coupon`;
CREATE TABLE `mkt_coupon`  (
  `id` bigint(20) NOT NULL AUTO_INCREMENT,
  `name` varchar(100) CHARACTER SET utf8mb4 COLLATE utf8mb4_0900_ai_ci NOT NULL COMMENT '优惠券名称',
  `type` tinyint(4) NOT NULL COMMENT '类型:1-满减;2-折扣',
  `condition_amount` bigint(20) NOT NULL DEFAULT 0 COMMENT '门槛金额(分)',
  `discount_amount` bigint(20) NOT NULL DEFAULT 0 COMMENT '优惠金额(分)',
  `total_count` int(11) NOT NULL DEFAULT -1 COMMENT '总量(-1不限)',
  `per_limit` int(11) NOT NULL DEFAULT 1 COMMENT '每人限领',
  `start_time` datetime NOT NULL,
  `end_time` datetime NOT NULL,
  `validity_days` int(11) NULL DEFAULT NULL COMMENT '有效天数',
  PRIMARY KEY (`id`) USING BTREE
) ENGINE = InnoDB AUTO_INCREMENT = 1 CHARACTER SET = utf8mb4 COLLATE = utf8mb4_0900_ai_ci COMMENT = '优惠券模板表' ROW_FORMAT = Dynamic;

-- ----------------------------
-- Records of mkt_coupon
-- ----------------------------

-- ----------------------------
-- Table structure for mkt_user_coupon
-- ----------------------------
DROP TABLE IF EXISTS `mkt_user_coupon`;
CREATE TABLE `mkt_user_coupon`  (
  `id` bigint(20) NOT NULL AUTO_INCREMENT,
  `coupon_id` bigint(20) NOT NULL COMMENT '模板ID',
  `user_id` bigint(20) NOT NULL COMMENT '用户ID',
  `coupon_code` varchar(64) CHARACTER SET utf8mb4 COLLATE utf8mb4_0900_ai_ci NOT NULL COMMENT '券码',
  `use_status` tinyint(4) NOT NULL DEFAULT 0 COMMENT '状态:0-未用;1-已用',
  `order_id` bigint(20) NULL DEFAULT NULL COMMENT '核销订单ID',
  `start_time` datetime NOT NULL,
  `end_time` datetime NOT NULL,
  `obtain_time` datetime NOT NULL DEFAULT CURRENT_TIMESTAMP,
  `use_time` datetime NULL DEFAULT NULL,
  PRIMARY KEY (`id`) USING BTREE,
  UNIQUE INDEX `uk_coupon_code`(`coupon_code` ASC) USING BTREE,
  INDEX `idx_user_id`(`user_id` ASC) USING BTREE
) ENGINE = InnoDB AUTO_INCREMENT = 1 CHARACTER SET = utf8mb4 COLLATE = utf8mb4_0900_ai_ci COMMENT = '用户领券记录表' ROW_FORMAT = Dynamic;

-- ----------------------------
-- Records of mkt_user_coupon
-- ----------------------------

-- ----------------------------
-- Table structure for ord_item
-- ----------------------------
DROP TABLE IF EXISTS `ord_item`;
CREATE TABLE `ord_item`  (
  `id` bigint(20) NOT NULL AUTO_INCREMENT,
  `order_id` bigint(20) NOT NULL COMMENT '关联订单ID',
  `product_id` bigint(20) NOT NULL COMMENT '商品ID',
  `product_name` varchar(255) CHARACTER SET utf8mb4 COLLATE utf8mb4_0900_ai_ci NOT NULL COMMENT '商品名称快照',
  `product_sku_code` varchar(64) CHARACTER SET utf8mb4 COLLATE utf8mb4_0900_ai_ci NOT NULL COMMENT 'SKU编码快照',
  `product_price` bigint(20) NOT NULL COMMENT '单价(分)',
  `product_quantity` int(11) NOT NULL COMMENT '数量',
  `product_total_price` bigint(20) NOT NULL COMMENT '总价(分)',
  PRIMARY KEY (`id`) USING BTREE,
  INDEX `idx_order_id`(`order_id` ASC) USING BTREE
) ENGINE = InnoDB AUTO_INCREMENT = 1 CHARACTER SET = utf8mb4 COLLATE = utf8mb4_0900_ai_ci COMMENT = '订单明细表' ROW_FORMAT = Dynamic;

-- ----------------------------
-- Records of ord_item
-- ----------------------------

-- ----------------------------
-- Table structure for ord_order
-- ----------------------------
DROP TABLE IF EXISTS `ord_order`;
CREATE TABLE `ord_order`  (
  `id` bigint(20) NOT NULL AUTO_INCREMENT COMMENT '主键ID',
  `order_sn` varchar(64) CHARACTER SET utf8mb4 COLLATE utf8mb4_0900_ai_ci NOT NULL COMMENT '订单编号',
  `member_id` bigint(20) NOT NULL COMMENT '用户ID',
  `status` tinyint(4) NOT NULL DEFAULT 0 COMMENT '状态:0-待支付;1-待发货;2-已发货;3-已完成;4-已关闭',
  `total_amount` bigint(20) NOT NULL DEFAULT 0 COMMENT '总金额(分)',
  `pay_amount` bigint(20) NOT NULL DEFAULT 0 COMMENT '应付金额(分)',
  `promotion_amount` bigint(20) NOT NULL DEFAULT 0 COMMENT '优惠金额(分)',
  `freight_amount` bigint(20) NOT NULL DEFAULT 0 COMMENT '运费(分)',
  `payment_type` tinyint(4) NULL DEFAULT NULL COMMENT '支付方式:1-微信;2-支付宝',
  `payment_time` datetime NULL DEFAULT NULL COMMENT '支付时间',
  `expire_time` datetime NULL DEFAULT NULL COMMENT '过期时间',
  `version` int(11) NOT NULL DEFAULT 0 COMMENT '乐观锁版本号',
  `create_time` datetime NOT NULL DEFAULT CURRENT_TIMESTAMP,
  `update_time` datetime NOT NULL DEFAULT CURRENT_TIMESTAMP ON UPDATE CURRENT_TIMESTAMP,
  PRIMARY KEY (`id`) USING BTREE,
  UNIQUE INDEX `uk_order_sn`(`order_sn` ASC) USING BTREE,
  INDEX `idx_member_id`(`member_id` ASC) USING BTREE
) ENGINE = InnoDB AUTO_INCREMENT = 3 CHARACTER SET = utf8mb4 COLLATE = utf8mb4_0900_ai_ci COMMENT = '订单主表' ROW_FORMAT = Dynamic;

-- ----------------------------
-- Records of ord_order
-- ----------------------------
INSERT INTO `ord_order` VALUES (2, '21', 21, 1, 12, 12, 12, 12, 1, '2026-04-28 17:04:56', NULL, 12, '2026-04-28 09:51:21', '2026-04-28 17:04:56');

-- ----------------------------
-- Table structure for ord_payment
-- ----------------------------
DROP TABLE IF EXISTS `ord_payment`;
CREATE TABLE `ord_payment`  (
  `id` bigint(20) NOT NULL AUTO_INCREMENT,
  `order_id` bigint(20) NOT NULL COMMENT '关联订单ID',
  `payment_sn` varchar(64) CHARACTER SET utf8mb4 COLLATE utf8mb4_0900_ai_ci NOT NULL COMMENT '支付流水号',
  `transaction_id` varchar(64) CHARACTER SET utf8mb4 COLLATE utf8mb4_0900_ai_ci NULL DEFAULT NULL COMMENT '第三方交易号',
  `amount` bigint(20) NOT NULL COMMENT '金额(分)',
  `status` tinyint(4) NOT NULL DEFAULT 0 COMMENT '状态:0-未支付;1-成功',
  `payment_time` datetime NULL DEFAULT NULL,
  `create_time` datetime NOT NULL DEFAULT CURRENT_TIMESTAMP,
  PRIMARY KEY (`id`) USING BTREE,
  UNIQUE INDEX `uk_payment_sn`(`payment_sn` ASC) USING BTREE,
  INDEX `idx_order_id`(`order_id` ASC) USING BTREE
) ENGINE = InnoDB AUTO_INCREMENT = 1 CHARACTER SET = utf8mb4 COLLATE = utf8mb4_0900_ai_ci COMMENT = '支付流水表' ROW_FORMAT = Dynamic;

-- ----------------------------
-- Records of ord_payment
-- ----------------------------

-- ----------------------------
-- Table structure for pts_account
-- ----------------------------
DROP TABLE IF EXISTS `pts_account`;
CREATE TABLE `pts_account`  (
  `user_id` bigint(20) NOT NULL COMMENT '用户ID',
  `total_points` bigint(20) NOT NULL DEFAULT 0 COMMENT '总积分',
  `frozen_points` bigint(20) NOT NULL DEFAULT 0 COMMENT '冻结积分',
  `version` int(11) NOT NULL DEFAULT 0 COMMENT '乐观锁版本',
  `update_time` datetime NOT NULL DEFAULT CURRENT_TIMESTAMP ON UPDATE CURRENT_TIMESTAMP,
  PRIMARY KEY (`user_id`) USING BTREE
) ENGINE = InnoDB CHARACTER SET = utf8mb4 COLLATE = utf8mb4_0900_ai_ci COMMENT = '积分账户表' ROW_FORMAT = Dynamic;

-- ----------------------------
-- Records of pts_account
-- ----------------------------

-- ----------------------------
-- Table structure for pts_log
-- ----------------------------
DROP TABLE IF EXISTS `pts_log`;
CREATE TABLE `pts_log`  (
  `id` bigint(20) NOT NULL AUTO_INCREMENT,
  `user_id` bigint(20) NOT NULL COMMENT '用户ID',
  `type` tinyint(4) NOT NULL COMMENT '类型:1-增加;2-扣减',
  `amount` bigint(20) NOT NULL COMMENT '变动数值',
  `balance_snapshot` bigint(20) NOT NULL COMMENT '变动后余额快照',
  `source_type` varchar(32) CHARACTER SET utf8mb4 COLLATE utf8mb4_0900_ai_ci NOT NULL COMMENT '来源:ORDER,SIGN',
  `source_id` varchar(64) CHARACTER SET utf8mb4 COLLATE utf8mb4_0900_ai_ci NOT NULL COMMENT '来源业务ID(幂等)',
  `description` varchar(255) CHARACTER SET utf8mb4 COLLATE utf8mb4_0900_ai_ci NULL DEFAULT NULL,
  `create_time` datetime NOT NULL DEFAULT CURRENT_TIMESTAMP,
  PRIMARY KEY (`id`) USING BTREE,
  UNIQUE INDEX `uk_source`(`source_type` ASC, `source_id` ASC) USING BTREE,
  INDEX `idx_user_id`(`user_id` ASC) USING BTREE
) ENGINE = InnoDB AUTO_INCREMENT = 1 CHARACTER SET = utf8mb4 COLLATE = utf8mb4_0900_ai_ci COMMENT = '积分流水表' ROW_FORMAT = Dynamic;

-- ----------------------------
-- Records of pts_log
-- ----------------------------

-- ----------------------------
-- Table structure for sys_config
-- ----------------------------
DROP TABLE IF EXISTS `sys_config`;
CREATE TABLE `sys_config`  (
  `config_id` int(5) NOT NULL AUTO_INCREMENT COMMENT '参数主键',
  `config_name` varchar(100) CHARACTER SET utf8mb4 COLLATE utf8mb4_unicode_ci NULL DEFAULT '' COMMENT '参数名称',
  `config_key` varchar(100) CHARACTER SET utf8mb4 COLLATE utf8mb4_unicode_ci NULL DEFAULT '' COMMENT '参数键名',
  `config_value` varchar(500) CHARACTER SET utf8mb4 COLLATE utf8mb4_unicode_ci NULL DEFAULT '' COMMENT '参数键值',
  `config_type` char(1) CHARACTER SET utf8mb4 COLLATE utf8mb4_unicode_ci NULL DEFAULT 'N' COMMENT '系统内置（Y是 N否）',
  `create_by` varchar(64) CHARACTER SET utf8mb4 COLLATE utf8mb4_unicode_ci NULL DEFAULT '' COMMENT '创建者',
  `create_time` datetime NULL DEFAULT NULL COMMENT '创建时间',
  `update_by` varchar(64) CHARACTER SET utf8mb4 COLLATE utf8mb4_unicode_ci NULL DEFAULT '' COMMENT '更新者',
  `update_time` datetime NULL DEFAULT NULL COMMENT '更新时间',
  `remark` varchar(500) CHARACTER SET utf8mb4 COLLATE utf8mb4_unicode_ci NULL DEFAULT NULL COMMENT '备注',
  PRIMARY KEY (`config_id`) USING BTREE
) ENGINE = InnoDB AUTO_INCREMENT = 100 CHARACTER SET = utf8mb4 COLLATE = utf8mb4_unicode_ci COMMENT = '参数配置表' ROW_FORMAT = Dynamic;

-- ----------------------------
-- Records of sys_config
-- ----------------------------
INSERT INTO `sys_config` VALUES (1, '主框架页-默认皮肤样式名称', 'sys.index.skinName', 'skin-blue', 'Y', 'admin', '2026-04-26 21:27:50', '', NULL, '蓝色 skin-blue、绿色 skin-green、紫色 skin-purple、红色 skin-red、黄色 skin-yellow');
INSERT INTO `sys_config` VALUES (2, '用户管理-账号初始密码', 'sys.user.initPassword', '123456', 'Y', 'admin', '2026-04-26 21:27:50', '', NULL, '初始化密码 123456');
INSERT INTO `sys_config` VALUES (3, '主框架页-侧边栏主题', 'sys.index.sideTheme', 'theme-dark', 'Y', 'admin', '2026-04-26 21:27:50', '', NULL, '深色主题theme-dark，浅色主题theme-light');
INSERT INTO `sys_config` VALUES (4, '账号自助-是否开启用户注册功能', 'sys.account.registerUser', 'false', 'Y', 'admin', '2026-04-26 21:27:50', '', NULL, '是否开启注册用户功能（true开启，false关闭）');
INSERT INTO `sys_config` VALUES (5, '用户登录-黑名单列表', 'sys.login.blackIPList', '', 'Y', 'admin', '2026-04-26 21:27:50', '', NULL, '设置登录IP黑名单限制，多个匹配项以;分隔，支持匹配（*通配、网段）');
INSERT INTO `sys_config` VALUES (6, '用户管理-初始密码修改策略', 'sys.account.initPasswordModify', '1', 'Y', 'admin', '2026-04-26 21:27:50', '', NULL, '0：初始密码修改策略关闭，没有任何提示，1：提醒用户，如果未修改初始密码，则在登录时就会提醒修改密码对话框');
INSERT INTO `sys_config` VALUES (7, '用户管理-账号密码更新周期', 'sys.account.passwordValidateDays', '0', 'Y', 'admin', '2026-04-26 21:27:50', '', NULL, '密码更新周期（填写数字，数据初始化值为0不限制，若修改必须为大于0小于365的正整数），如果超过这个周期登录系统时，则在登录时就会提醒修改密码对话框');
INSERT INTO `sys_config` VALUES (8, '用户管理-密码字符范围', 'sys.account.chrtype', '0', 'Y', 'admin', '2026-04-26 21:27:50', '', NULL, '默认任意字符范围，0任意（密码可以输入任意字符），1数字（密码只能为0-9数字），2英文字母（密码只能为a-z和A-Z字母），3字母和数字（密码必须包含字母，数字）,4字母数字和特殊字符（目前支持的特殊字符包括：~!@#$%^&*()-=_+）');

-- ----------------------------
-- Table structure for sys_dept
-- ----------------------------
DROP TABLE IF EXISTS `sys_dept`;
CREATE TABLE `sys_dept`  (
  `dept_id` bigint(20) NOT NULL AUTO_INCREMENT COMMENT '部门id',
  `parent_id` bigint(20) NULL DEFAULT 0 COMMENT '父部门id',
  `ancestors` varchar(50) CHARACTER SET utf8mb4 COLLATE utf8mb4_unicode_ci NULL DEFAULT '' COMMENT '祖级列表',
  `dept_name` varchar(30) CHARACTER SET utf8mb4 COLLATE utf8mb4_unicode_ci NULL DEFAULT '' COMMENT '部门名称',
  `order_num` int(4) NULL DEFAULT 0 COMMENT '显示顺序',
  `leader` varchar(20) CHARACTER SET utf8mb4 COLLATE utf8mb4_unicode_ci NULL DEFAULT NULL COMMENT '负责人',
  `phone` varchar(11) CHARACTER SET utf8mb4 COLLATE utf8mb4_unicode_ci NULL DEFAULT NULL COMMENT '联系电话',
  `email` varchar(50) CHARACTER SET utf8mb4 COLLATE utf8mb4_unicode_ci NULL DEFAULT NULL COMMENT '邮箱',
  `status` char(1) CHARACTER SET utf8mb4 COLLATE utf8mb4_unicode_ci NULL DEFAULT '0' COMMENT '部门状态（0正常 1停用）',
  `del_flag` char(1) CHARACTER SET utf8mb4 COLLATE utf8mb4_unicode_ci NULL DEFAULT '0' COMMENT '删除标志（0代表存在 2代表删除）',
  `create_by` varchar(64) CHARACTER SET utf8mb4 COLLATE utf8mb4_unicode_ci NULL DEFAULT '' COMMENT '创建者',
  `create_time` datetime NULL DEFAULT NULL COMMENT '创建时间',
  `update_by` varchar(64) CHARACTER SET utf8mb4 COLLATE utf8mb4_unicode_ci NULL DEFAULT '' COMMENT '更新者',
  `update_time` datetime NULL DEFAULT NULL COMMENT '更新时间',
  PRIMARY KEY (`dept_id`) USING BTREE
) ENGINE = InnoDB AUTO_INCREMENT = 200 CHARACTER SET = utf8mb4 COLLATE = utf8mb4_unicode_ci COMMENT = '部门表' ROW_FORMAT = Dynamic;

-- ----------------------------
-- Records of sys_dept
-- ----------------------------
INSERT INTO `sys_dept` VALUES (100, 0, '0', '若依科技', 0, '若依', '15888888888', 'ry@qq.com', '0', '0', 'admin', '2026-04-26 21:27:49', '', NULL);
INSERT INTO `sys_dept` VALUES (101, 100, '0,100', '深圳总公司', 1, '若依', '15888888888', 'ry@qq.com', '0', '0', 'admin', '2026-04-26 21:27:49', '', NULL);
INSERT INTO `sys_dept` VALUES (102, 100, '0,100', '长沙分公司', 2, '若依', '15888888888', 'ry@qq.com', '0', '0', 'admin', '2026-04-26 21:27:49', '', NULL);
INSERT INTO `sys_dept` VALUES (103, 101, '0,100,101', '研发部门', 1, '若依', '15888888888', 'ry@qq.com', '0', '0', 'admin', '2026-04-26 21:27:49', '', NULL);
INSERT INTO `sys_dept` VALUES (104, 101, '0,100,101', '市场部门', 2, '若依', '15888888888', 'ry@qq.com', '0', '0', 'admin', '2026-04-26 21:27:49', '', NULL);
INSERT INTO `sys_dept` VALUES (105, 101, '0,100,101', '测试部门', 3, '若依', '15888888888', 'ry@qq.com', '0', '0', 'admin', '2026-04-26 21:27:49', '', NULL);
INSERT INTO `sys_dept` VALUES (106, 101, '0,100,101', '财务部门', 4, '若依', '15888888888', 'ry@qq.com', '0', '0', 'admin', '2026-04-26 21:27:49', '', NULL);
INSERT INTO `sys_dept` VALUES (107, 101, '0,100,101', '运维部门', 5, '若依', '15888888888', 'ry@qq.com', '0', '0', 'admin', '2026-04-26 21:27:49', '', NULL);
INSERT INTO `sys_dept` VALUES (108, 102, '0,100,102', '市场部门', 1, '若依', '15888888888', 'ry@qq.com', '0', '0', 'admin', '2026-04-26 21:27:49', '', NULL);
INSERT INTO `sys_dept` VALUES (109, 102, '0,100,102', '财务部门', 2, '若依', '15888888888', 'ry@qq.com', '0', '0', 'admin', '2026-04-26 21:27:49', '', NULL);

-- ----------------------------
-- Table structure for sys_dict_data
-- ----------------------------
DROP TABLE IF EXISTS `sys_dict_data`;
CREATE TABLE `sys_dict_data`  (
  `dict_code` bigint(20) NOT NULL AUTO_INCREMENT COMMENT '字典编码',
  `dict_sort` int(4) NULL DEFAULT 0 COMMENT '字典排序',
  `dict_label` varchar(100) CHARACTER SET utf8mb4 COLLATE utf8mb4_unicode_ci NULL DEFAULT '' COMMENT '字典标签',
  `dict_value` varchar(100) CHARACTER SET utf8mb4 COLLATE utf8mb4_unicode_ci NULL DEFAULT '' COMMENT '字典键值',
  `dict_type` varchar(100) CHARACTER SET utf8mb4 COLLATE utf8mb4_unicode_ci NULL DEFAULT '' COMMENT '字典类型',
  `css_class` varchar(100) CHARACTER SET utf8mb4 COLLATE utf8mb4_unicode_ci NULL DEFAULT NULL COMMENT '样式属性（其他样式扩展）',
  `list_class` varchar(100) CHARACTER SET utf8mb4 COLLATE utf8mb4_unicode_ci NULL DEFAULT NULL COMMENT '表格回显样式',
  `is_default` char(1) CHARACTER SET utf8mb4 COLLATE utf8mb4_unicode_ci NULL DEFAULT 'N' COMMENT '是否默认（Y是 N否）',
  `status` char(1) CHARACTER SET utf8mb4 COLLATE utf8mb4_unicode_ci NULL DEFAULT '0' COMMENT '状态（0正常 1停用）',
  `create_by` varchar(64) CHARACTER SET utf8mb4 COLLATE utf8mb4_unicode_ci NULL DEFAULT '' COMMENT '创建者',
  `create_time` datetime NULL DEFAULT NULL COMMENT '创建时间',
  `update_by` varchar(64) CHARACTER SET utf8mb4 COLLATE utf8mb4_unicode_ci NULL DEFAULT '' COMMENT '更新者',
  `update_time` datetime NULL DEFAULT NULL COMMENT '更新时间',
  `remark` varchar(500) CHARACTER SET utf8mb4 COLLATE utf8mb4_unicode_ci NULL DEFAULT NULL COMMENT '备注',
  PRIMARY KEY (`dict_code`) USING BTREE
) ENGINE = InnoDB AUTO_INCREMENT = 100 CHARACTER SET = utf8mb4 COLLATE = utf8mb4_unicode_ci COMMENT = '字典数据表' ROW_FORMAT = Dynamic;

-- ----------------------------
-- Records of sys_dict_data
-- ----------------------------
INSERT INTO `sys_dict_data` VALUES (1, 1, '男', '0', 'sys_user_sex', '', '', 'Y', '0', 'admin', '2026-04-26 21:27:50', '', NULL, '性别男');
INSERT INTO `sys_dict_data` VALUES (2, 2, '女', '1', 'sys_user_sex', '', '', 'N', '0', 'admin', '2026-04-26 21:27:50', '', NULL, '性别女');
INSERT INTO `sys_dict_data` VALUES (3, 3, '未知', '2', 'sys_user_sex', '', '', 'N', '0', 'admin', '2026-04-26 21:27:50', '', NULL, '性别未知');
INSERT INTO `sys_dict_data` VALUES (4, 1, '显示', '0', 'sys_show_hide', '', 'primary', 'Y', '0', 'admin', '2026-04-26 21:27:50', '', NULL, '显示菜单');
INSERT INTO `sys_dict_data` VALUES (5, 2, '隐藏', '1', 'sys_show_hide', '', 'danger', 'N', '0', 'admin', '2026-04-26 21:27:50', '', NULL, '隐藏菜单');
INSERT INTO `sys_dict_data` VALUES (6, 1, '正常', '0', 'sys_normal_disable', '', 'primary', 'Y', '0', 'admin', '2026-04-26 21:27:50', '', NULL, '正常状态');
INSERT INTO `sys_dict_data` VALUES (7, 2, '停用', '1', 'sys_normal_disable', '', 'danger', 'N', '0', 'admin', '2026-04-26 21:27:50', '', NULL, '停用状态');
INSERT INTO `sys_dict_data` VALUES (8, 1, '正常', '0', 'sys_job_status', '', 'primary', 'Y', '0', 'admin', '2026-04-26 21:27:50', '', NULL, '正常状态');
INSERT INTO `sys_dict_data` VALUES (9, 2, '暂停', '1', 'sys_job_status', '', 'danger', 'N', '0', 'admin', '2026-04-26 21:27:50', '', NULL, '停用状态');
INSERT INTO `sys_dict_data` VALUES (10, 1, '默认', 'DEFAULT', 'sys_job_group', '', '', 'Y', '0', 'admin', '2026-04-26 21:27:50', '', NULL, '默认分组');
INSERT INTO `sys_dict_data` VALUES (11, 2, '系统', 'SYSTEM', 'sys_job_group', '', '', 'N', '0', 'admin', '2026-04-26 21:27:50', '', NULL, '系统分组');
INSERT INTO `sys_dict_data` VALUES (12, 1, '是', 'Y', 'sys_yes_no', '', 'primary', 'Y', '0', 'admin', '2026-04-26 21:27:50', '', NULL, '系统默认是');
INSERT INTO `sys_dict_data` VALUES (13, 2, '否', 'N', 'sys_yes_no', '', 'danger', 'N', '0', 'admin', '2026-04-26 21:27:50', '', NULL, '系统默认否');
INSERT INTO `sys_dict_data` VALUES (14, 1, '通知', '1', 'sys_notice_type', '', 'warning', 'Y', '0', 'admin', '2026-04-26 21:27:50', '', NULL, '通知');
INSERT INTO `sys_dict_data` VALUES (15, 2, '公告', '2', 'sys_notice_type', '', 'success', 'N', '0', 'admin', '2026-04-26 21:27:50', '', NULL, '公告');
INSERT INTO `sys_dict_data` VALUES (16, 1, '正常', '0', 'sys_notice_status', '', 'primary', 'Y', '0', 'admin', '2026-04-26 21:27:50', '', NULL, '正常状态');
INSERT INTO `sys_dict_data` VALUES (17, 2, '关闭', '1', 'sys_notice_status', '', 'danger', 'N', '0', 'admin', '2026-04-26 21:27:50', '', NULL, '关闭状态');
INSERT INTO `sys_dict_data` VALUES (18, 99, '其他', '0', 'sys_oper_type', '', 'info', 'N', '0', 'admin', '2026-04-26 21:27:50', '', NULL, '其他操作');
INSERT INTO `sys_dict_data` VALUES (19, 1, '新增', '1', 'sys_oper_type', '', 'info', 'N', '0', 'admin', '2026-04-26 21:27:50', '', NULL, '新增操作');
INSERT INTO `sys_dict_data` VALUES (20, 2, '修改', '2', 'sys_oper_type', '', 'info', 'N', '0', 'admin', '2026-04-26 21:27:50', '', NULL, '修改操作');
INSERT INTO `sys_dict_data` VALUES (21, 3, '删除', '3', 'sys_oper_type', '', 'danger', 'N', '0', 'admin', '2026-04-26 21:27:50', '', NULL, '删除操作');
INSERT INTO `sys_dict_data` VALUES (22, 4, '授权', '4', 'sys_oper_type', '', 'primary', 'N', '0', 'admin', '2026-04-26 21:27:50', '', NULL, '授权操作');
INSERT INTO `sys_dict_data` VALUES (23, 5, '导出', '5', 'sys_oper_type', '', 'warning', 'N', '0', 'admin', '2026-04-26 21:27:50', '', NULL, '导出操作');
INSERT INTO `sys_dict_data` VALUES (24, 6, '导入', '6', 'sys_oper_type', '', 'warning', 'N', '0', 'admin', '2026-04-26 21:27:50', '', NULL, '导入操作');
INSERT INTO `sys_dict_data` VALUES (25, 7, '强退', '7', 'sys_oper_type', '', 'danger', 'N', '0', 'admin', '2026-04-26 21:27:50', '', NULL, '强退操作');
INSERT INTO `sys_dict_data` VALUES (26, 8, '生成代码', '8', 'sys_oper_type', '', 'warning', 'N', '0', 'admin', '2026-04-26 21:27:50', '', NULL, '生成操作');
INSERT INTO `sys_dict_data` VALUES (27, 9, '清空数据', '9', 'sys_oper_type', '', 'danger', 'N', '0', 'admin', '2026-04-26 21:27:50', '', NULL, '清空操作');
INSERT INTO `sys_dict_data` VALUES (28, 1, '成功', '0', 'sys_common_status', '', 'primary', 'N', '0', 'admin', '2026-04-26 21:27:50', '', NULL, '正常状态');
INSERT INTO `sys_dict_data` VALUES (29, 2, '失败', '1', 'sys_common_status', '', 'danger', 'N', '0', 'admin', '2026-04-26 21:27:50', '', NULL, '停用状态');

-- ----------------------------
-- Table structure for sys_dict_type
-- ----------------------------
DROP TABLE IF EXISTS `sys_dict_type`;
CREATE TABLE `sys_dict_type`  (
  `dict_id` bigint(20) NOT NULL AUTO_INCREMENT COMMENT '字典主键',
  `dict_name` varchar(100) CHARACTER SET utf8mb4 COLLATE utf8mb4_unicode_ci NULL DEFAULT '' COMMENT '字典名称',
  `dict_type` varchar(100) CHARACTER SET utf8mb4 COLLATE utf8mb4_unicode_ci NULL DEFAULT '' COMMENT '字典类型',
  `status` char(1) CHARACTER SET utf8mb4 COLLATE utf8mb4_unicode_ci NULL DEFAULT '0' COMMENT '状态（0正常 1停用）',
  `create_by` varchar(64) CHARACTER SET utf8mb4 COLLATE utf8mb4_unicode_ci NULL DEFAULT '' COMMENT '创建者',
  `create_time` datetime NULL DEFAULT NULL COMMENT '创建时间',
  `update_by` varchar(64) CHARACTER SET utf8mb4 COLLATE utf8mb4_unicode_ci NULL DEFAULT '' COMMENT '更新者',
  `update_time` datetime NULL DEFAULT NULL COMMENT '更新时间',
  `remark` varchar(500) CHARACTER SET utf8mb4 COLLATE utf8mb4_unicode_ci NULL DEFAULT NULL COMMENT '备注',
  PRIMARY KEY (`dict_id`) USING BTREE,
  UNIQUE INDEX `dict_type`(`dict_type` ASC) USING BTREE
) ENGINE = InnoDB AUTO_INCREMENT = 100 CHARACTER SET = utf8mb4 COLLATE = utf8mb4_unicode_ci COMMENT = '字典类型表' ROW_FORMAT = Dynamic;

-- ----------------------------
-- Records of sys_dict_type
-- ----------------------------
INSERT INTO `sys_dict_type` VALUES (1, '用户性别', 'sys_user_sex', '0', 'admin', '2026-04-26 21:27:50', '', NULL, '用户性别列表');
INSERT INTO `sys_dict_type` VALUES (2, '菜单状态', 'sys_show_hide', '0', 'admin', '2026-04-26 21:27:50', '', NULL, '菜单状态列表');
INSERT INTO `sys_dict_type` VALUES (3, '系统开关', 'sys_normal_disable', '0', 'admin', '2026-04-26 21:27:50', '', NULL, '系统开关列表');
INSERT INTO `sys_dict_type` VALUES (4, '任务状态', 'sys_job_status', '0', 'admin', '2026-04-26 21:27:50', '', NULL, '任务状态列表');
INSERT INTO `sys_dict_type` VALUES (5, '任务分组', 'sys_job_group', '0', 'admin', '2026-04-26 21:27:50', '', NULL, '任务分组列表');
INSERT INTO `sys_dict_type` VALUES (6, '系统是否', 'sys_yes_no', '0', 'admin', '2026-04-26 21:27:50', '', NULL, '系统是否列表');
INSERT INTO `sys_dict_type` VALUES (7, '通知类型', 'sys_notice_type', '0', 'admin', '2026-04-26 21:27:50', '', NULL, '通知类型列表');
INSERT INTO `sys_dict_type` VALUES (8, '通知状态', 'sys_notice_status', '0', 'admin', '2026-04-26 21:27:50', '', NULL, '通知状态列表');
INSERT INTO `sys_dict_type` VALUES (9, '操作类型', 'sys_oper_type', '0', 'admin', '2026-04-26 21:27:50', '', NULL, '操作类型列表');
INSERT INTO `sys_dict_type` VALUES (10, '系统状态', 'sys_common_status', '0', 'admin', '2026-04-26 21:27:50', '', NULL, '登录状态列表');

-- ----------------------------
-- Table structure for sys_job
-- ----------------------------
DROP TABLE IF EXISTS `sys_job`;
CREATE TABLE `sys_job`  (
  `job_id` bigint(20) NOT NULL AUTO_INCREMENT COMMENT '任务ID',
  `job_name` varchar(64) CHARACTER SET utf8mb4 COLLATE utf8mb4_unicode_ci NOT NULL DEFAULT '' COMMENT '任务名称',
  `job_group` varchar(64) CHARACTER SET utf8mb4 COLLATE utf8mb4_unicode_ci NOT NULL DEFAULT 'DEFAULT' COMMENT '任务组名',
  `invoke_target` varchar(500) CHARACTER SET utf8mb4 COLLATE utf8mb4_unicode_ci NOT NULL COMMENT '调用目标字符串',
  `cron_expression` varchar(255) CHARACTER SET utf8mb4 COLLATE utf8mb4_unicode_ci NULL DEFAULT '' COMMENT 'cron执行表达式',
  `misfire_policy` varchar(20) CHARACTER SET utf8mb4 COLLATE utf8mb4_unicode_ci NULL DEFAULT '3' COMMENT '计划执行错误策略（1立即执行 2执行一次 3放弃执行）',
  `concurrent` char(1) CHARACTER SET utf8mb4 COLLATE utf8mb4_unicode_ci NULL DEFAULT '1' COMMENT '是否并发执行（0允许 1禁止）',
  `status` char(1) CHARACTER SET utf8mb4 COLLATE utf8mb4_unicode_ci NULL DEFAULT '0' COMMENT '状态（0正常 1暂停）',
  `create_by` varchar(64) CHARACTER SET utf8mb4 COLLATE utf8mb4_unicode_ci NULL DEFAULT '' COMMENT '创建者',
  `create_time` datetime NULL DEFAULT NULL COMMENT '创建时间',
  `update_by` varchar(64) CHARACTER SET utf8mb4 COLLATE utf8mb4_unicode_ci NULL DEFAULT '' COMMENT '更新者',
  `update_time` datetime NULL DEFAULT NULL COMMENT '更新时间',
  `remark` varchar(500) CHARACTER SET utf8mb4 COLLATE utf8mb4_unicode_ci NULL DEFAULT '' COMMENT '备注信息',
  PRIMARY KEY (`job_id`, `job_name`, `job_group`) USING BTREE
) ENGINE = InnoDB AUTO_INCREMENT = 100 CHARACTER SET = utf8mb4 COLLATE = utf8mb4_unicode_ci COMMENT = '定时任务调度表' ROW_FORMAT = Dynamic;

-- ----------------------------
-- Records of sys_job
-- ----------------------------
INSERT INTO `sys_job` VALUES (1, '系统默认（无参）', 'DEFAULT', 'ryTask.ryNoParams', '0/10 * * * * ?', '3', '1', '1', 'admin', '2026-04-26 21:27:50', '', NULL, '');
INSERT INTO `sys_job` VALUES (2, '系统默认（有参）', 'DEFAULT', 'ryTask.ryParams(\'ry\')', '0/15 * * * * ?', '3', '1', '1', 'admin', '2026-04-26 21:27:50', '', NULL, '');
INSERT INTO `sys_job` VALUES (3, '系统默认（多参）', 'DEFAULT', 'ryTask.ryMultipleParams(\'ry\', true, 2000L, 316.50D, 100)', '0/20 * * * * ?', '3', '1', '1', 'admin', '2026-04-26 21:27:50', '', NULL, '');

-- ----------------------------
-- Table structure for sys_job_log
-- ----------------------------
DROP TABLE IF EXISTS `sys_job_log`;
CREATE TABLE `sys_job_log`  (
  `job_log_id` bigint(20) NOT NULL AUTO_INCREMENT COMMENT '任务日志ID',
  `job_name` varchar(64) CHARACTER SET utf8mb4 COLLATE utf8mb4_unicode_ci NOT NULL COMMENT '任务名称',
  `job_group` varchar(64) CHARACTER SET utf8mb4 COLLATE utf8mb4_unicode_ci NOT NULL COMMENT '任务组名',
  `invoke_target` varchar(500) CHARACTER SET utf8mb4 COLLATE utf8mb4_unicode_ci NOT NULL COMMENT '调用目标字符串',
  `job_message` varchar(500) CHARACTER SET utf8mb4 COLLATE utf8mb4_unicode_ci NULL DEFAULT NULL COMMENT '日志信息',
  `status` char(1) CHARACTER SET utf8mb4 COLLATE utf8mb4_unicode_ci NULL DEFAULT '0' COMMENT '执行状态（0正常 1失败）',
  `exception_info` varchar(2000) CHARACTER SET utf8mb4 COLLATE utf8mb4_unicode_ci NULL DEFAULT '' COMMENT '异常信息',
  `start_time` datetime NULL DEFAULT NULL COMMENT '执行开始时间',
  `end_time` datetime NULL DEFAULT NULL COMMENT '执行结束时间',
  `create_time` datetime NULL DEFAULT NULL COMMENT '创建时间',
  PRIMARY KEY (`job_log_id`) USING BTREE
) ENGINE = InnoDB AUTO_INCREMENT = 1 CHARACTER SET = utf8mb4 COLLATE = utf8mb4_unicode_ci COMMENT = '定时任务调度日志表' ROW_FORMAT = Dynamic;

-- ----------------------------
-- Records of sys_job_log
-- ----------------------------

-- ----------------------------
-- Table structure for sys_logininfor
-- ----------------------------
DROP TABLE IF EXISTS `sys_logininfor`;
CREATE TABLE `sys_logininfor`  (
  `info_id` bigint(20) NOT NULL AUTO_INCREMENT COMMENT '访问ID',
  `user_name` varchar(50) CHARACTER SET utf8mb4 COLLATE utf8mb4_unicode_ci NULL DEFAULT '' COMMENT '用户账号',
  `ipaddr` varchar(128) CHARACTER SET utf8mb4 COLLATE utf8mb4_unicode_ci NULL DEFAULT '' COMMENT '登录IP地址',
  `status` char(1) CHARACTER SET utf8mb4 COLLATE utf8mb4_unicode_ci NULL DEFAULT '0' COMMENT '登录状态（0成功 1失败）',
  `msg` varchar(255) CHARACTER SET utf8mb4 COLLATE utf8mb4_unicode_ci NULL DEFAULT '' COMMENT '提示信息',
  `access_time` datetime NULL DEFAULT NULL COMMENT '访问时间',
  PRIMARY KEY (`info_id`) USING BTREE,
  INDEX `idx_sys_logininfor_s`(`status` ASC) USING BTREE,
  INDEX `idx_sys_logininfor_lt`(`access_time` ASC) USING BTREE
) ENGINE = InnoDB AUTO_INCREMENT = 105 CHARACTER SET = utf8mb4 COLLATE = utf8mb4_unicode_ci COMMENT = '系统访问记录' ROW_FORMAT = Dynamic;

-- ----------------------------
-- Records of sys_logininfor
-- ----------------------------
INSERT INTO `sys_logininfor` VALUES (100, 'admin', '127.0.0.1', '0', '登录成功', '2026-04-27 15:20:13');
INSERT INTO `sys_logininfor` VALUES (101, 'admin', '127.0.0.1', '0', '登录成功', '2026-04-27 20:29:05');
INSERT INTO `sys_logininfor` VALUES (102, 'admin', '127.0.0.1', '0', '登录成功', '2026-04-28 08:48:38');
INSERT INTO `sys_logininfor` VALUES (103, 'admin', '127.0.0.1', '0', '登录成功', '2026-04-28 16:24:39');
INSERT INTO `sys_logininfor` VALUES (104, 'admin', '127.0.0.1', '0', '登录成功', '2026-04-28 16:56:52');

-- ----------------------------
-- Table structure for sys_menu
-- ----------------------------
DROP TABLE IF EXISTS `sys_menu`;
CREATE TABLE `sys_menu`  (
  `menu_id` bigint(20) NOT NULL AUTO_INCREMENT COMMENT '菜单ID',
  `menu_name` varchar(50) CHARACTER SET utf8mb4 COLLATE utf8mb4_unicode_ci NOT NULL COMMENT '菜单名称',
  `parent_id` bigint(20) NULL DEFAULT 0 COMMENT '父菜单ID',
  `order_num` int(4) NULL DEFAULT 0 COMMENT '显示顺序',
  `path` varchar(200) CHARACTER SET utf8mb4 COLLATE utf8mb4_unicode_ci NULL DEFAULT '' COMMENT '路由地址',
  `component` varchar(255) CHARACTER SET utf8mb4 COLLATE utf8mb4_unicode_ci NULL DEFAULT NULL COMMENT '组件路径',
  `query` varchar(255) CHARACTER SET utf8mb4 COLLATE utf8mb4_unicode_ci NULL DEFAULT NULL COMMENT '路由参数',
  `route_name` varchar(50) CHARACTER SET utf8mb4 COLLATE utf8mb4_unicode_ci NULL DEFAULT '' COMMENT '路由名称',
  `is_frame` int(1) NULL DEFAULT 1 COMMENT '是否为外链（0是 1否）',
  `is_cache` int(1) NULL DEFAULT 0 COMMENT '是否缓存（0缓存 1不缓存）',
  `menu_type` char(1) CHARACTER SET utf8mb4 COLLATE utf8mb4_unicode_ci NULL DEFAULT '' COMMENT '菜单类型（M目录 C菜单 F按钮）',
  `visible` char(1) CHARACTER SET utf8mb4 COLLATE utf8mb4_unicode_ci NULL DEFAULT '0' COMMENT '菜单状态（0显示 1隐藏）',
  `status` char(1) CHARACTER SET utf8mb4 COLLATE utf8mb4_unicode_ci NULL DEFAULT '0' COMMENT '菜单状态（0正常 1停用）',
  `perms` varchar(100) CHARACTER SET utf8mb4 COLLATE utf8mb4_unicode_ci NULL DEFAULT NULL COMMENT '权限标识',
  `icon` varchar(100) CHARACTER SET utf8mb4 COLLATE utf8mb4_unicode_ci NULL DEFAULT '#' COMMENT '菜单图标',
  `create_by` varchar(64) CHARACTER SET utf8mb4 COLLATE utf8mb4_unicode_ci NULL DEFAULT '' COMMENT '创建者',
  `create_time` datetime NULL DEFAULT NULL COMMENT '创建时间',
  `update_by` varchar(64) CHARACTER SET utf8mb4 COLLATE utf8mb4_unicode_ci NULL DEFAULT '' COMMENT '更新者',
  `update_time` datetime NULL DEFAULT NULL COMMENT '更新时间',
  `remark` varchar(500) CHARACTER SET utf8mb4 COLLATE utf8mb4_unicode_ci NULL DEFAULT '' COMMENT '备注',
  PRIMARY KEY (`menu_id`) USING BTREE
) ENGINE = InnoDB AUTO_INCREMENT = 2032 CHARACTER SET = utf8mb4 COLLATE = utf8mb4_unicode_ci COMMENT = '菜单权限表' ROW_FORMAT = Dynamic;

-- ----------------------------
-- Records of sys_menu
-- ----------------------------
INSERT INTO `sys_menu` VALUES (1, '系统管理', 0, 10, 'system', NULL, '', '', 1, 0, 'M', '0', '0', '', 'system', 'admin', '2026-04-26 21:27:50', 'admin', '2026-04-27 20:30:00', '系统管理目录');
INSERT INTO `sys_menu` VALUES (2, '系统监控', 0, 20, 'monitor', NULL, '', '', 1, 0, 'M', '0', '0', '', 'monitor', 'admin', '2026-04-26 21:27:50', 'admin', '2026-04-27 20:30:09', '系统监控目录');
INSERT INTO `sys_menu` VALUES (3, '系统工具', 0, 30, 'tool', NULL, '', '', 1, 0, 'M', '0', '0', '', 'tool', 'admin', '2026-04-26 21:27:50', 'admin', '2026-04-27 20:30:04', '系统工具目录');
INSERT INTO `sys_menu` VALUES (4, '若依官网', 0, 100, 'http://ruoyi.vip', NULL, '', '', 0, 0, 'M', '0', '0', '', 'guide', 'admin', '2026-04-26 21:27:50', 'admin', '2026-04-27 19:05:42', '若依官网地址');
INSERT INTO `sys_menu` VALUES (100, '用户管理', 1, 1, 'user', 'system/user/index', '', '', 1, 0, 'C', '0', '0', 'system:user:list', 'user', 'admin', '2026-04-26 21:27:50', '', NULL, '用户管理菜单');
INSERT INTO `sys_menu` VALUES (101, '角色管理', 1, 2, 'role', 'system/role/index', '', '', 1, 0, 'C', '0', '0', 'system:role:list', 'peoples', 'admin', '2026-04-26 21:27:50', '', NULL, '角色管理菜单');
INSERT INTO `sys_menu` VALUES (102, '菜单管理', 1, 3, 'menu', 'system/menu/index', '', '', 1, 0, 'C', '0', '0', 'system:menu:list', 'tree-table', 'admin', '2026-04-26 21:27:50', '', NULL, '菜单管理菜单');
INSERT INTO `sys_menu` VALUES (103, '部门管理', 1, 4, 'dept', 'system/dept/index', '', '', 1, 0, 'C', '0', '0', 'system:dept:list', 'tree', 'admin', '2026-04-26 21:27:50', '', NULL, '部门管理菜单');
INSERT INTO `sys_menu` VALUES (104, '岗位管理', 1, 5, 'post', 'system/post/index', '', '', 1, 0, 'C', '0', '0', 'system:post:list', 'post', 'admin', '2026-04-26 21:27:50', '', NULL, '岗位管理菜单');
INSERT INTO `sys_menu` VALUES (105, '字典管理', 1, 6, 'dict', 'system/dict/index', '', '', 1, 0, 'C', '0', '0', 'system:dict:list', 'dict', 'admin', '2026-04-26 21:27:50', '', NULL, '字典管理菜单');
INSERT INTO `sys_menu` VALUES (106, '参数设置', 1, 7, 'config', 'system/config/index', '', '', 1, 0, 'C', '0', '0', 'system:config:list', 'edit', 'admin', '2026-04-26 21:27:50', '', NULL, '参数设置菜单');
INSERT INTO `sys_menu` VALUES (107, '通知公告', 1, 8, 'notice', 'system/notice/index', '', '', 1, 0, 'C', '0', '0', 'system:notice:list', 'message', 'admin', '2026-04-26 21:27:50', '', NULL, '通知公告菜单');
INSERT INTO `sys_menu` VALUES (108, '日志管理', 1, 9, 'log', '', '', '', 1, 0, 'M', '0', '0', '', 'log', 'admin', '2026-04-26 21:27:50', '', NULL, '日志管理菜单');
INSERT INTO `sys_menu` VALUES (109, '在线用户', 2, 1, 'online', 'monitor/online/index', '', '', 1, 0, 'C', '0', '0', 'monitor:online:list', 'online', 'admin', '2026-04-26 21:27:50', '', NULL, '在线用户菜单');
INSERT INTO `sys_menu` VALUES (110, '定时任务', 2, 2, 'job', 'monitor/job/index', '', '', 1, 0, 'C', '0', '0', 'monitor:job:list', 'job', 'admin', '2026-04-26 21:27:50', '', NULL, '定时任务菜单');
INSERT INTO `sys_menu` VALUES (111, 'Sentinel控制台', 2, 3, 'http://localhost:8718', '', '', '', 0, 0, 'C', '0', '0', 'monitor:sentinel:list', 'sentinel', 'admin', '2026-04-26 21:27:50', '', NULL, '流量控制菜单');
INSERT INTO `sys_menu` VALUES (112, 'Nacos控制台', 2, 4, 'http://localhost:8848/nacos', '', '', '', 0, 0, 'C', '0', '0', 'monitor:nacos:list', 'nacos', 'admin', '2026-04-26 21:27:50', '', NULL, '服务治理菜单');
INSERT INTO `sys_menu` VALUES (113, 'Admin控制台', 2, 5, 'http://localhost:9100/login', '', '', '', 0, 0, 'C', '0', '0', 'monitor:server:list', 'server', 'admin', '2026-04-26 21:27:50', '', NULL, '服务监控菜单');
INSERT INTO `sys_menu` VALUES (114, '表单构建', 3, 1, 'build', 'tool/build/index', '', '', 1, 0, 'C', '0', '0', 'tool:build:list', 'build', 'admin', '2026-04-26 21:27:50', '', NULL, '表单构建菜单');
INSERT INTO `sys_menu` VALUES (115, '代码生成', 3, 2, 'gen', 'tool/gen/index', '', '', 1, 0, 'C', '0', '0', 'tool:gen:list', 'code', 'admin', '2026-04-26 21:27:50', '', NULL, '代码生成菜单');
INSERT INTO `sys_menu` VALUES (116, '系统接口', 3, 3, 'http://localhost:8080/swagger-ui/index.html', '', '', '', 0, 0, 'C', '0', '0', 'tool:swagger:list', 'swagger', 'admin', '2026-04-26 21:27:50', '', NULL, '系统接口菜单');
INSERT INTO `sys_menu` VALUES (500, '操作日志', 108, 1, 'operlog', 'system/operlog/index', '', '', 1, 0, 'C', '0', '0', 'system:operlog:list', 'form', 'admin', '2026-04-26 21:27:50', '', NULL, '操作日志菜单');
INSERT INTO `sys_menu` VALUES (501, '登录日志', 108, 2, 'logininfor', 'system/logininfor/index', '', '', 1, 0, 'C', '0', '0', 'system:logininfor:list', 'logininfor', 'admin', '2026-04-26 21:27:50', '', NULL, '登录日志菜单');
INSERT INTO `sys_menu` VALUES (1000, '用户查询', 100, 1, '', '', '', '', 1, 0, 'F', '0', '0', 'system:user:query', '#', 'admin', '2026-04-26 21:27:50', '', NULL, '');
INSERT INTO `sys_menu` VALUES (1001, '用户新增', 100, 2, '', '', '', '', 1, 0, 'F', '0', '0', 'system:user:add', '#', 'admin', '2026-04-26 21:27:50', '', NULL, '');
INSERT INTO `sys_menu` VALUES (1002, '用户修改', 100, 3, '', '', '', '', 1, 0, 'F', '0', '0', 'system:user:edit', '#', 'admin', '2026-04-26 21:27:50', '', NULL, '');
INSERT INTO `sys_menu` VALUES (1003, '用户删除', 100, 4, '', '', '', '', 1, 0, 'F', '0', '0', 'system:user:remove', '#', 'admin', '2026-04-26 21:27:50', '', NULL, '');
INSERT INTO `sys_menu` VALUES (1004, '用户导出', 100, 5, '', '', '', '', 1, 0, 'F', '0', '0', 'system:user:export', '#', 'admin', '2026-04-26 21:27:50', '', NULL, '');
INSERT INTO `sys_menu` VALUES (1005, '用户导入', 100, 6, '', '', '', '', 1, 0, 'F', '0', '0', 'system:user:import', '#', 'admin', '2026-04-26 21:27:50', '', NULL, '');
INSERT INTO `sys_menu` VALUES (1006, '重置密码', 100, 7, '', '', '', '', 1, 0, 'F', '0', '0', 'system:user:resetPwd', '#', 'admin', '2026-04-26 21:27:50', '', NULL, '');
INSERT INTO `sys_menu` VALUES (1007, '角色查询', 101, 1, '', '', '', '', 1, 0, 'F', '0', '0', 'system:role:query', '#', 'admin', '2026-04-26 21:27:50', '', NULL, '');
INSERT INTO `sys_menu` VALUES (1008, '角色新增', 101, 2, '', '', '', '', 1, 0, 'F', '0', '0', 'system:role:add', '#', 'admin', '2026-04-26 21:27:50', '', NULL, '');
INSERT INTO `sys_menu` VALUES (1009, '角色修改', 101, 3, '', '', '', '', 1, 0, 'F', '0', '0', 'system:role:edit', '#', 'admin', '2026-04-26 21:27:50', '', NULL, '');
INSERT INTO `sys_menu` VALUES (1010, '角色删除', 101, 4, '', '', '', '', 1, 0, 'F', '0', '0', 'system:role:remove', '#', 'admin', '2026-04-26 21:27:50', '', NULL, '');
INSERT INTO `sys_menu` VALUES (1011, '角色导出', 101, 5, '', '', '', '', 1, 0, 'F', '0', '0', 'system:role:export', '#', 'admin', '2026-04-26 21:27:50', '', NULL, '');
INSERT INTO `sys_menu` VALUES (1012, '菜单查询', 102, 1, '', '', '', '', 1, 0, 'F', '0', '0', 'system:menu:query', '#', 'admin', '2026-04-26 21:27:50', '', NULL, '');
INSERT INTO `sys_menu` VALUES (1013, '菜单新增', 102, 2, '', '', '', '', 1, 0, 'F', '0', '0', 'system:menu:add', '#', 'admin', '2026-04-26 21:27:50', '', NULL, '');
INSERT INTO `sys_menu` VALUES (1014, '菜单修改', 102, 3, '', '', '', '', 1, 0, 'F', '0', '0', 'system:menu:edit', '#', 'admin', '2026-04-26 21:27:50', '', NULL, '');
INSERT INTO `sys_menu` VALUES (1015, '菜单删除', 102, 4, '', '', '', '', 1, 0, 'F', '0', '0', 'system:menu:remove', '#', 'admin', '2026-04-26 21:27:50', '', NULL, '');
INSERT INTO `sys_menu` VALUES (1016, '部门查询', 103, 1, '', '', '', '', 1, 0, 'F', '0', '0', 'system:dept:query', '#', 'admin', '2026-04-26 21:27:50', '', NULL, '');
INSERT INTO `sys_menu` VALUES (1017, '部门新增', 103, 2, '', '', '', '', 1, 0, 'F', '0', '0', 'system:dept:add', '#', 'admin', '2026-04-26 21:27:50', '', NULL, '');
INSERT INTO `sys_menu` VALUES (1018, '部门修改', 103, 3, '', '', '', '', 1, 0, 'F', '0', '0', 'system:dept:edit', '#', 'admin', '2026-04-26 21:27:50', '', NULL, '');
INSERT INTO `sys_menu` VALUES (1019, '部门删除', 103, 4, '', '', '', '', 1, 0, 'F', '0', '0', 'system:dept:remove', '#', 'admin', '2026-04-26 21:27:50', '', NULL, '');
INSERT INTO `sys_menu` VALUES (1020, '岗位查询', 104, 1, '', '', '', '', 1, 0, 'F', '0', '0', 'system:post:query', '#', 'admin', '2026-04-26 21:27:50', '', NULL, '');
INSERT INTO `sys_menu` VALUES (1021, '岗位新增', 104, 2, '', '', '', '', 1, 0, 'F', '0', '0', 'system:post:add', '#', 'admin', '2026-04-26 21:27:50', '', NULL, '');
INSERT INTO `sys_menu` VALUES (1022, '岗位修改', 104, 3, '', '', '', '', 1, 0, 'F', '0', '0', 'system:post:edit', '#', 'admin', '2026-04-26 21:27:50', '', NULL, '');
INSERT INTO `sys_menu` VALUES (1023, '岗位删除', 104, 4, '', '', '', '', 1, 0, 'F', '0', '0', 'system:post:remove', '#', 'admin', '2026-04-26 21:27:50', '', NULL, '');
INSERT INTO `sys_menu` VALUES (1024, '岗位导出', 104, 5, '', '', '', '', 1, 0, 'F', '0', '0', 'system:post:export', '#', 'admin', '2026-04-26 21:27:50', '', NULL, '');
INSERT INTO `sys_menu` VALUES (1025, '字典查询', 105, 1, '#', '', '', '', 1, 0, 'F', '0', '0', 'system:dict:query', '#', 'admin', '2026-04-26 21:27:50', '', NULL, '');
INSERT INTO `sys_menu` VALUES (1026, '字典新增', 105, 2, '#', '', '', '', 1, 0, 'F', '0', '0', 'system:dict:add', '#', 'admin', '2026-04-26 21:27:50', '', NULL, '');
INSERT INTO `sys_menu` VALUES (1027, '字典修改', 105, 3, '#', '', '', '', 1, 0, 'F', '0', '0', 'system:dict:edit', '#', 'admin', '2026-04-26 21:27:50', '', NULL, '');
INSERT INTO `sys_menu` VALUES (1028, '字典删除', 105, 4, '#', '', '', '', 1, 0, 'F', '0', '0', 'system:dict:remove', '#', 'admin', '2026-04-26 21:27:50', '', NULL, '');
INSERT INTO `sys_menu` VALUES (1029, '字典导出', 105, 5, '#', '', '', '', 1, 0, 'F', '0', '0', 'system:dict:export', '#', 'admin', '2026-04-26 21:27:50', '', NULL, '');
INSERT INTO `sys_menu` VALUES (1030, '参数查询', 106, 1, '#', '', '', '', 1, 0, 'F', '0', '0', 'system:config:query', '#', 'admin', '2026-04-26 21:27:50', '', NULL, '');
INSERT INTO `sys_menu` VALUES (1031, '参数新增', 106, 2, '#', '', '', '', 1, 0, 'F', '0', '0', 'system:config:add', '#', 'admin', '2026-04-26 21:27:50', '', NULL, '');
INSERT INTO `sys_menu` VALUES (1032, '参数修改', 106, 3, '#', '', '', '', 1, 0, 'F', '0', '0', 'system:config:edit', '#', 'admin', '2026-04-26 21:27:50', '', NULL, '');
INSERT INTO `sys_menu` VALUES (1033, '参数删除', 106, 4, '#', '', '', '', 1, 0, 'F', '0', '0', 'system:config:remove', '#', 'admin', '2026-04-26 21:27:50', '', NULL, '');
INSERT INTO `sys_menu` VALUES (1034, '参数导出', 106, 5, '#', '', '', '', 1, 0, 'F', '0', '0', 'system:config:export', '#', 'admin', '2026-04-26 21:27:50', '', NULL, '');
INSERT INTO `sys_menu` VALUES (1035, '公告查询', 107, 1, '#', '', '', '', 1, 0, 'F', '0', '0', 'system:notice:query', '#', 'admin', '2026-04-26 21:27:50', '', NULL, '');
INSERT INTO `sys_menu` VALUES (1036, '公告新增', 107, 2, '#', '', '', '', 1, 0, 'F', '0', '0', 'system:notice:add', '#', 'admin', '2026-04-26 21:27:50', '', NULL, '');
INSERT INTO `sys_menu` VALUES (1037, '公告修改', 107, 3, '#', '', '', '', 1, 0, 'F', '0', '0', 'system:notice:edit', '#', 'admin', '2026-04-26 21:27:50', '', NULL, '');
INSERT INTO `sys_menu` VALUES (1038, '公告删除', 107, 4, '#', '', '', '', 1, 0, 'F', '0', '0', 'system:notice:remove', '#', 'admin', '2026-04-26 21:27:50', '', NULL, '');
INSERT INTO `sys_menu` VALUES (1039, '操作查询', 500, 1, '#', '', '', '', 1, 0, 'F', '0', '0', 'system:operlog:query', '#', 'admin', '2026-04-26 21:27:50', '', NULL, '');
INSERT INTO `sys_menu` VALUES (1040, '操作删除', 500, 2, '#', '', '', '', 1, 0, 'F', '0', '0', 'system:operlog:remove', '#', 'admin', '2026-04-26 21:27:50', '', NULL, '');
INSERT INTO `sys_menu` VALUES (1041, '日志导出', 500, 3, '#', '', '', '', 1, 0, 'F', '0', '0', 'system:operlog:export', '#', 'admin', '2026-04-26 21:27:50', '', NULL, '');
INSERT INTO `sys_menu` VALUES (1042, '登录查询', 501, 1, '#', '', '', '', 1, 0, 'F', '0', '0', 'system:logininfor:query', '#', 'admin', '2026-04-26 21:27:50', '', NULL, '');
INSERT INTO `sys_menu` VALUES (1043, '登录删除', 501, 2, '#', '', '', '', 1, 0, 'F', '0', '0', 'system:logininfor:remove', '#', 'admin', '2026-04-26 21:27:50', '', NULL, '');
INSERT INTO `sys_menu` VALUES (1044, '日志导出', 501, 3, '#', '', '', '', 1, 0, 'F', '0', '0', 'system:logininfor:export', '#', 'admin', '2026-04-26 21:27:50', '', NULL, '');
INSERT INTO `sys_menu` VALUES (1045, '账户解锁', 501, 4, '#', '', '', '', 1, 0, 'F', '0', '0', 'system:logininfor:unlock', '#', 'admin', '2026-04-26 21:27:50', '', NULL, '');
INSERT INTO `sys_menu` VALUES (1046, '在线查询', 109, 1, '#', '', '', '', 1, 0, 'F', '0', '0', 'monitor:online:query', '#', 'admin', '2026-04-26 21:27:50', '', NULL, '');
INSERT INTO `sys_menu` VALUES (1047, '批量强退', 109, 2, '#', '', '', '', 1, 0, 'F', '0', '0', 'monitor:online:batchLogout', '#', 'admin', '2026-04-26 21:27:50', '', NULL, '');
INSERT INTO `sys_menu` VALUES (1048, '单条强退', 109, 3, '#', '', '', '', 1, 0, 'F', '0', '0', 'monitor:online:forceLogout', '#', 'admin', '2026-04-26 21:27:50', '', NULL, '');
INSERT INTO `sys_menu` VALUES (1049, '任务查询', 110, 1, '#', '', '', '', 1, 0, 'F', '0', '0', 'monitor:job:query', '#', 'admin', '2026-04-26 21:27:50', '', NULL, '');
INSERT INTO `sys_menu` VALUES (1050, '任务新增', 110, 2, '#', '', '', '', 1, 0, 'F', '0', '0', 'monitor:job:add', '#', 'admin', '2026-04-26 21:27:50', '', NULL, '');
INSERT INTO `sys_menu` VALUES (1051, '任务修改', 110, 3, '#', '', '', '', 1, 0, 'F', '0', '0', 'monitor:job:edit', '#', 'admin', '2026-04-26 21:27:50', '', NULL, '');
INSERT INTO `sys_menu` VALUES (1052, '任务删除', 110, 4, '#', '', '', '', 1, 0, 'F', '0', '0', 'monitor:job:remove', '#', 'admin', '2026-04-26 21:27:50', '', NULL, '');
INSERT INTO `sys_menu` VALUES (1053, '状态修改', 110, 5, '#', '', '', '', 1, 0, 'F', '0', '0', 'monitor:job:changeStatus', '#', 'admin', '2026-04-26 21:27:50', '', NULL, '');
INSERT INTO `sys_menu` VALUES (1054, '任务导出', 110, 6, '#', '', '', '', 1, 0, 'F', '0', '0', 'monitor:job:export', '#', 'admin', '2026-04-26 21:27:50', '', NULL, '');
INSERT INTO `sys_menu` VALUES (1055, '生成查询', 115, 1, '#', '', '', '', 1, 0, 'F', '0', '0', 'tool:gen:query', '#', 'admin', '2026-04-26 21:27:50', '', NULL, '');
INSERT INTO `sys_menu` VALUES (1056, '生成修改', 115, 2, '#', '', '', '', 1, 0, 'F', '0', '0', 'tool:gen:edit', '#', 'admin', '2026-04-26 21:27:50', '', NULL, '');
INSERT INTO `sys_menu` VALUES (1057, '生成删除', 115, 3, '#', '', '', '', 1, 0, 'F', '0', '0', 'tool:gen:remove', '#', 'admin', '2026-04-26 21:27:50', '', NULL, '');
INSERT INTO `sys_menu` VALUES (1058, '导入代码', 115, 2, '#', '', '', '', 1, 0, 'F', '0', '0', 'tool:gen:import', '#', 'admin', '2026-04-26 21:27:50', '', NULL, '');
INSERT INTO `sys_menu` VALUES (1059, '预览代码', 115, 4, '#', '', '', '', 1, 0, 'F', '0', '0', 'tool:gen:preview', '#', 'admin', '2026-04-26 21:27:50', '', NULL, '');
INSERT INTO `sys_menu` VALUES (1060, '生成代码', 115, 5, '#', '', '', '', 1, 0, 'F', '0', '0', 'tool:gen:code', '#', 'admin', '2026-04-26 21:27:50', '', NULL, '');
INSERT INTO `sys_menu` VALUES (2000, '订单管理', 0, 1, '/order', NULL, NULL, '', 1, 0, 'M', '0', '0', '', 'shopping', 'admin', '2026-04-27 19:05:22', 'admin', '2026-04-27 20:31:39', '');
INSERT INTO `sys_menu` VALUES (2001, '订单明细', 2000, 1, 'OrdItem', 'order/OrdItem/index', NULL, '', 1, 0, 'C', '0', '0', 'order:OrdItem:list', '#', 'admin', '2026-04-27 19:11:46', '', NULL, '订单明细菜单');
INSERT INTO `sys_menu` VALUES (2002, '订单明细查询', 2001, 1, '#', '', NULL, '', 1, 0, 'F', '0', '0', 'order:OrdItem:query', '#', 'admin', '2026-04-27 19:11:46', '', NULL, '');
INSERT INTO `sys_menu` VALUES (2003, '订单明细新增', 2001, 2, '#', '', NULL, '', 1, 0, 'F', '0', '0', 'order:OrdItem:add', '#', 'admin', '2026-04-27 19:11:46', '', NULL, '');
INSERT INTO `sys_menu` VALUES (2004, '订单明细修改', 2001, 3, '#', '', NULL, '', 1, 0, 'F', '0', '0', 'order:OrdItem:edit', '#', 'admin', '2026-04-27 19:11:46', '', NULL, '');
INSERT INTO `sys_menu` VALUES (2005, '订单明细删除', 2001, 4, '#', '', NULL, '', 1, 0, 'F', '0', '0', 'order:OrdItem:remove', '#', 'admin', '2026-04-27 19:11:46', '', NULL, '');
INSERT INTO `sys_menu` VALUES (2006, '订单明细导出', 2001, 5, '#', '', NULL, '', 1, 0, 'F', '0', '0', 'order:OrdItem:export', '#', 'admin', '2026-04-27 19:11:46', '', NULL, '');
INSERT INTO `sys_menu` VALUES (2007, '订单主表', 2000, 1, 'OrdOrder', 'order/OrdOrder/index', NULL, '', 1, 0, 'C', '0', '0', 'order:OrdOrder:list', '#', 'admin', '2026-04-27 19:35:52', '', NULL, '订单主表菜单');
INSERT INTO `sys_menu` VALUES (2008, '订单主表查询', 2007, 1, '#', '', NULL, '', 1, 0, 'F', '0', '0', 'order:OrdOrder:query', '#', 'admin', '2026-04-27 19:35:52', '', NULL, '');
INSERT INTO `sys_menu` VALUES (2009, '订单主表新增', 2007, 2, '#', '', NULL, '', 1, 0, 'F', '0', '0', 'order:OrdOrder:add', '#', 'admin', '2026-04-27 19:35:52', '', NULL, '');
INSERT INTO `sys_menu` VALUES (2010, '订单主表修改', 2007, 3, '#', '', NULL, '', 1, 0, 'F', '0', '0', 'order:OrdOrder:edit', '#', 'admin', '2026-04-27 19:35:52', '', NULL, '');
INSERT INTO `sys_menu` VALUES (2011, '订单主表删除', 2007, 4, '#', '', NULL, '', 1, 0, 'F', '0', '0', 'order:OrdOrder:remove', '#', 'admin', '2026-04-27 19:35:52', '', NULL, '');
INSERT INTO `sys_menu` VALUES (2012, '订单主表导出', 2007, 5, '#', '', NULL, '', 1, 0, 'F', '0', '0', 'order:OrdOrder:export', '#', 'admin', '2026-04-27 19:35:52', '', NULL, '');
INSERT INTO `sys_menu` VALUES (2013, '支付流水', 2000, 1, 'OrdPayment', 'order/OrdPayment/index', NULL, '', 1, 0, 'C', '0', '0', 'order:OrdPayment:list', '#', 'admin', '2026-04-27 19:36:01', '', NULL, '支付流水菜单');
INSERT INTO `sys_menu` VALUES (2014, '支付流水查询', 2013, 1, '#', '', NULL, '', 1, 0, 'F', '0', '0', 'order:OrdPayment:query', '#', 'admin', '2026-04-27 19:36:01', '', NULL, '');
INSERT INTO `sys_menu` VALUES (2015, '支付流水新增', 2013, 2, '#', '', NULL, '', 1, 0, 'F', '0', '0', 'order:OrdPayment:add', '#', 'admin', '2026-04-27 19:36:01', '', NULL, '');
INSERT INTO `sys_menu` VALUES (2016, '支付流水修改', 2013, 3, '#', '', NULL, '', 1, 0, 'F', '0', '0', 'order:OrdPayment:edit', '#', 'admin', '2026-04-27 19:36:01', '', NULL, '');
INSERT INTO `sys_menu` VALUES (2017, '支付流水删除', 2013, 4, '#', '', NULL, '', 1, 0, 'F', '0', '0', 'order:OrdPayment:remove', '#', 'admin', '2026-04-27 19:36:01', '', NULL, '');
INSERT INTO `sys_menu` VALUES (2018, '支付流水导出', 2013, 5, '#', '', NULL, '', 1, 0, 'F', '0', '0', 'order:OrdPayment:export', '#', 'admin', '2026-04-27 19:36:01', '', NULL, '');
INSERT INTO `sys_menu` VALUES (2019, '积分管理', 0, 2, 'points', NULL, NULL, '', 1, 0, 'M', '0', '0', NULL, 'edit', 'admin', '2026-04-27 20:31:23', '', NULL, '');
INSERT INTO `sys_menu` VALUES (2020, '积分账户', 2019, 1, 'PtsAccount', 'points/PtsAccount/index', NULL, '', 1, 0, 'C', '0', '0', 'points:PtsAccount:list', '#', 'admin', '2026-04-27 20:37:34', '', NULL, '积分账户菜单');
INSERT INTO `sys_menu` VALUES (2021, '积分账户查询', 2020, 1, '#', '', NULL, '', 1, 0, 'F', '0', '0', 'points:PtsAccount:query', '#', 'admin', '2026-04-27 20:37:34', '', NULL, '');
INSERT INTO `sys_menu` VALUES (2022, '积分账户新增', 2020, 2, '#', '', NULL, '', 1, 0, 'F', '0', '0', 'points:PtsAccount:add', '#', 'admin', '2026-04-27 20:37:34', '', NULL, '');
INSERT INTO `sys_menu` VALUES (2023, '积分账户修改', 2020, 3, '#', '', NULL, '', 1, 0, 'F', '0', '0', 'points:PtsAccount:edit', '#', 'admin', '2026-04-27 20:37:34', '', NULL, '');
INSERT INTO `sys_menu` VALUES (2024, '积分账户删除', 2020, 4, '#', '', NULL, '', 1, 0, 'F', '0', '0', 'points:PtsAccount:remove', '#', 'admin', '2026-04-27 20:37:34', '', NULL, '');
INSERT INTO `sys_menu` VALUES (2025, '积分账户导出', 2020, 5, '#', '', NULL, '', 1, 0, 'F', '0', '0', 'points:PtsAccount:export', '#', 'admin', '2026-04-27 20:37:34', '', NULL, '');
INSERT INTO `sys_menu` VALUES (2026, '积分流水', 2019, 1, 'PtsLog', 'points/PtsLog/index', NULL, '', 1, 0, 'C', '0', '0', 'points:PtsLog:list', '#', 'admin', '2026-04-27 20:37:44', '', NULL, '积分流水菜单');
INSERT INTO `sys_menu` VALUES (2027, '积分流水查询', 2026, 1, '#', '', NULL, '', 1, 0, 'F', '0', '0', 'points:PtsLog:query', '#', 'admin', '2026-04-27 20:37:44', '', NULL, '');
INSERT INTO `sys_menu` VALUES (2028, '积分流水新增', 2026, 2, '#', '', NULL, '', 1, 0, 'F', '0', '0', 'points:PtsLog:add', '#', 'admin', '2026-04-27 20:37:44', '', NULL, '');
INSERT INTO `sys_menu` VALUES (2029, '积分流水修改', 2026, 3, '#', '', NULL, '', 1, 0, 'F', '0', '0', 'points:PtsLog:edit', '#', 'admin', '2026-04-27 20:37:44', '', NULL, '');
INSERT INTO `sys_menu` VALUES (2030, '积分流水删除', 2026, 4, '#', '', NULL, '', 1, 0, 'F', '0', '0', 'points:PtsLog:remove', '#', 'admin', '2026-04-27 20:37:44', '', NULL, '');
INSERT INTO `sys_menu` VALUES (2031, '积分流水导出', 2026, 5, '#', '', NULL, '', 1, 0, 'F', '0', '0', 'points:PtsLog:export', '#', 'admin', '2026-04-27 20:37:44', '', NULL, '');

-- ----------------------------
-- Table structure for sys_notice
-- ----------------------------
DROP TABLE IF EXISTS `sys_notice`;
CREATE TABLE `sys_notice`  (
  `notice_id` int(4) NOT NULL AUTO_INCREMENT COMMENT '公告ID',
  `notice_title` varchar(50) CHARACTER SET utf8mb4 COLLATE utf8mb4_unicode_ci NOT NULL COMMENT '公告标题',
  `notice_type` char(1) CHARACTER SET utf8mb4 COLLATE utf8mb4_unicode_ci NOT NULL COMMENT '公告类型（1通知 2公告）',
  `notice_content` longblob NULL COMMENT '公告内容',
  `status` char(1) CHARACTER SET utf8mb4 COLLATE utf8mb4_unicode_ci NULL DEFAULT '0' COMMENT '公告状态（0正常 1关闭）',
  `create_by` varchar(64) CHARACTER SET utf8mb4 COLLATE utf8mb4_unicode_ci NULL DEFAULT '' COMMENT '创建者',
  `create_time` datetime NULL DEFAULT NULL COMMENT '创建时间',
  `update_by` varchar(64) CHARACTER SET utf8mb4 COLLATE utf8mb4_unicode_ci NULL DEFAULT '' COMMENT '更新者',
  `update_time` datetime NULL DEFAULT NULL COMMENT '更新时间',
  `remark` varchar(255) CHARACTER SET utf8mb4 COLLATE utf8mb4_unicode_ci NULL DEFAULT NULL COMMENT '备注',
  PRIMARY KEY (`notice_id`) USING BTREE
) ENGINE = InnoDB AUTO_INCREMENT = 10 CHARACTER SET = utf8mb4 COLLATE = utf8mb4_unicode_ci COMMENT = '通知公告表' ROW_FORMAT = Dynamic;

-- ----------------------------
-- Records of sys_notice
-- ----------------------------
INSERT INTO `sys_notice` VALUES (1, '温馨提醒：2018-07-01 若依新版本发布啦', '2', 0xE696B0E78988E69CACE58685E5AEB9, '0', 'admin', '2026-04-26 21:27:50', '', NULL, '管理员');
INSERT INTO `sys_notice` VALUES (2, '维护通知：2018-07-01 若依系统凌晨维护', '1', 0xE7BBB4E68AA4E58685E5AEB9, '0', 'admin', '2026-04-26 21:27:50', '', NULL, '管理员');
INSERT INTO `sys_notice` VALUES (3, '若依开源框架介绍', '1', 0x3C703E3C7370616E207374796C653D22636F6C6F723A20726762283233302C20302C2030293B223EE9A1B9E79BAEE4BB8BE7BB8D3C2F7370616E3E3C2F703E3C703E3C666F6E7420636F6C6F723D2223333333333333223E52756F5969E5BC80E6BA90E9A1B9E79BAEE698AFE4B8BAE4BC81E4B89AE794A8E688B7E5AE9AE588B6E79A84E5908EE58FB0E8849AE6898BE69EB6E6A186E69EB6EFBC8CE4B8BAE4BC81E4B89AE68993E980A0E79A84E4B880E7AB99E5BC8FE8A7A3E586B3E696B9E6A188EFBC8CE9998DE4BD8EE4BC81E4B89AE5BC80E58F91E68890E69CACEFBC8CE68F90E58D87E5BC80E58F91E69588E78E87E38082E4B8BBE8A681E58C85E68BACE794A8E688B7E7AEA1E79086E38081E8A792E889B2E7AEA1E79086E38081E983A8E997A8E7AEA1E79086E38081E88F9CE58D95E7AEA1E79086E38081E58F82E695B0E7AEA1E79086E38081E5AD97E585B8E7AEA1E79086E380813C2F666F6E743E3C7370616E207374796C653D22636F6C6F723A207267622835312C2035312C203531293B223EE5B297E4BD8DE7AEA1E790863C2F7370616E3E3C7370616E207374796C653D22636F6C6F723A207267622835312C2035312C203531293B223EE38081E5AE9AE697B6E4BBBBE58AA13C2F7370616E3E3C7370616E207374796C653D22636F6C6F723A207267622835312C2035312C203531293B223EE380813C2F7370616E3E3C7370616E207374796C653D22636F6C6F723A207267622835312C2035312C203531293B223EE69C8DE58AA1E79B91E68EA7E38081E799BBE5BD95E697A5E5BF97E38081E6938DE4BD9CE697A5E5BF97E38081E4BBA3E7A081E7949FE68890E7AD89E58A9FE883BDE38082E585B6E4B8ADEFBC8CE8BF98E694AFE68C81E5A49AE695B0E68DAEE6BA90E38081E695B0E68DAEE69D83E99990E38081E59BBDE99985E58C96E380815265646973E7BC93E5AD98E38081446F636B6572E983A8E7BDB2E38081E6BB91E58AA8E9AA8CE8AF81E7A081E38081E7ACACE4B889E696B9E8AEA4E8AF81E799BBE5BD95E38081E58886E5B883E5BC8FE4BA8BE58AA1E380813C2F7370616E3E3C666F6E7420636F6C6F723D2223333333333333223EE58886E5B883E5BC8FE69687E4BBB6E5AD98E582A83C2F666F6E743E3C7370616E207374796C653D22636F6C6F723A207267622835312C2035312C203531293B223EE38081E58886E5BA93E58886E8A1A8E5A484E79086E7AD89E68A80E69CAFE789B9E782B9E380823C2F7370616E3E3C2F703E3C703E3C696D67207372633D2268747470733A2F2F666F727564612E67697465652E636F6D2F696D616765732F313737333933313834383334323433393033322F61346432323331335F313831353039352E706E6722207374796C653D2277696474683A20363470783B223E3C62723E3C2F703E3C703E3C7370616E207374796C653D22636F6C6F723A20726762283233302C20302C2030293B223EE5AE98E7BD91E58F8AE6BC94E7A4BA3C2F7370616E3E3C2F703E3C703E3C7370616E207374796C653D22636F6C6F723A207267622835312C2035312C203531293B223EE88BA5E4BE9DE5AE98E7BD91E59CB0E59D80EFBC9A266E6273703B3C2F7370616E3E3C6120687265663D22687474703A2F2F72756F79692E76697022207461726765743D225F626C616E6B223E687474703A2F2F72756F79692E7669703C2F613E3C6120687265663D22687474703A2F2F72756F79692E76697022207461726765743D225F626C616E6B223E3C2F613E3C2F703E3C703E3C7370616E207374796C653D22636F6C6F723A207267622835312C2035312C203531293B223EE88BA5E4BE9DE69687E6A1A3E59CB0E59D80EFBC9A266E6273703B3C2F7370616E3E3C6120687265663D22687474703A2F2F646F632E72756F79692E76697022207461726765743D225F626C616E6B223E687474703A2F2F646F632E72756F79692E7669703C2F613E3C62723E3C2F703E3C703E3C7370616E207374796C653D22636F6C6F723A207267622835312C2035312C203531293B223EE6BC94E7A4BAE59CB0E59D80E38090E4B88DE58886E7A6BBE78988E38091EFBC9A266E6273703B3C2F7370616E3E3C6120687265663D22687474703A2F2F64656D6F2E72756F79692E76697022207461726765743D225F626C616E6B223E687474703A2F2F64656D6F2E72756F79692E7669703C2F613E3C2F703E3C703E3C7370616E207374796C653D22636F6C6F723A207267622835312C2035312C203531293B223EE6BC94E7A4BAE59CB0E59D80E38090E58886E7A6BBE78988E69CACE38091EFBC9A266E6273703B3C2F7370616E3E3C6120687265663D22687474703A2F2F7675652E72756F79692E76697022207461726765743D225F626C616E6B223E687474703A2F2F7675652E72756F79692E7669703C2F613E3C2F703E3C703E3C7370616E207374796C653D22636F6C6F723A207267622835312C2035312C203531293B223EE6BC94E7A4BAE59CB0E59D80E38090E5BEAEE69C8DE58AA1E78988E38091EFBC9A266E6273703B3C2F7370616E3E3C6120687265663D22687474703A2F2F636C6F75642E72756F79692E76697022207461726765743D225F626C616E6B223E687474703A2F2F636C6F75642E72756F79692E7669703C2F613E3C2F703E3C703E3C7370616E207374796C653D22636F6C6F723A207267622835312C2035312C203531293B223EE6BC94E7A4BAE59CB0E59D80E38090E7A7BBE58AA8E7ABAFE78988E38091EFBC9A266E6273703B3C2F7370616E3E3C6120687265663D22687474703A2F2F68352E72756F79692E76697022207461726765743D225F626C616E6B223E687474703A2F2F68352E72756F79692E7669703C2F613E3C2F703E3C703E3C6272207374796C653D22636F6C6F723A207267622834382C2034392C203531293B20666F6E742D66616D696C793A202671756F743B48656C766574696361204E6575652671756F743B2C2048656C7665746963612C20417269616C2C2073616E732D73657269663B20666F6E742D73697A653A20313270783B223E3C2F703E, '0', 'admin', '2026-04-26 21:27:50', '', NULL, '管理员');

-- ----------------------------
-- Table structure for sys_notice_read
-- ----------------------------
DROP TABLE IF EXISTS `sys_notice_read`;
CREATE TABLE `sys_notice_read`  (
  `read_id` bigint(20) NOT NULL AUTO_INCREMENT COMMENT '已读主键',
  `notice_id` int(4) NOT NULL COMMENT '公告id',
  `user_id` bigint(20) NOT NULL COMMENT '用户id',
  `read_time` datetime NOT NULL COMMENT '阅读时间',
  PRIMARY KEY (`read_id`) USING BTREE,
  UNIQUE INDEX `uk_user_notice`(`user_id` ASC, `notice_id` ASC) USING BTREE COMMENT '同一用户同一公告只记录一次'
) ENGINE = InnoDB AUTO_INCREMENT = 4 CHARACTER SET = utf8mb4 COLLATE = utf8mb4_unicode_ci COMMENT = '公告已读记录表' ROW_FORMAT = Dynamic;

-- ----------------------------
-- Records of sys_notice_read
-- ----------------------------
INSERT INTO `sys_notice_read` VALUES (1, 3, 1, '2026-04-27 19:09:30');
INSERT INTO `sys_notice_read` VALUES (2, 2, 1, '2026-04-27 19:09:30');
INSERT INTO `sys_notice_read` VALUES (3, 1, 1, '2026-04-27 19:09:30');

-- ----------------------------
-- Table structure for sys_oper_log
-- ----------------------------
DROP TABLE IF EXISTS `sys_oper_log`;
CREATE TABLE `sys_oper_log`  (
  `oper_id` bigint(20) NOT NULL AUTO_INCREMENT COMMENT '日志主键',
  `title` varchar(50) CHARACTER SET utf8mb4 COLLATE utf8mb4_unicode_ci NULL DEFAULT '' COMMENT '模块标题',
  `business_type` int(2) NULL DEFAULT 0 COMMENT '业务类型（0其它 1新增 2修改 3删除）',
  `method` varchar(200) CHARACTER SET utf8mb4 COLLATE utf8mb4_unicode_ci NULL DEFAULT '' COMMENT '方法名称',
  `request_method` varchar(10) CHARACTER SET utf8mb4 COLLATE utf8mb4_unicode_ci NULL DEFAULT '' COMMENT '请求方式',
  `operator_type` int(1) NULL DEFAULT 0 COMMENT '操作类别（0其它 1后台用户 2手机端用户）',
  `oper_name` varchar(50) CHARACTER SET utf8mb4 COLLATE utf8mb4_unicode_ci NULL DEFAULT '' COMMENT '操作人员',
  `dept_name` varchar(50) CHARACTER SET utf8mb4 COLLATE utf8mb4_unicode_ci NULL DEFAULT '' COMMENT '部门名称',
  `oper_url` varchar(255) CHARACTER SET utf8mb4 COLLATE utf8mb4_unicode_ci NULL DEFAULT '' COMMENT '请求URL',
  `oper_ip` varchar(128) CHARACTER SET utf8mb4 COLLATE utf8mb4_unicode_ci NULL DEFAULT '' COMMENT '主机地址',
  `oper_location` varchar(255) CHARACTER SET utf8mb4 COLLATE utf8mb4_unicode_ci NULL DEFAULT '' COMMENT '操作地点',
  `oper_param` varchar(2000) CHARACTER SET utf8mb4 COLLATE utf8mb4_unicode_ci NULL DEFAULT '' COMMENT '请求参数',
  `json_result` varchar(2000) CHARACTER SET utf8mb4 COLLATE utf8mb4_unicode_ci NULL DEFAULT '' COMMENT '返回参数',
  `status` int(1) NULL DEFAULT 0 COMMENT '操作状态（0正常 1异常）',
  `error_msg` varchar(2000) CHARACTER SET utf8mb4 COLLATE utf8mb4_unicode_ci NULL DEFAULT '' COMMENT '错误消息',
  `oper_time` datetime NULL DEFAULT NULL COMMENT '操作时间',
  `cost_time` bigint(20) NULL DEFAULT 0 COMMENT '消耗时间',
  PRIMARY KEY (`oper_id`) USING BTREE,
  INDEX `idx_sys_oper_log_bt`(`business_type` ASC) USING BTREE,
  INDEX `idx_sys_oper_log_s`(`status` ASC) USING BTREE,
  INDEX `idx_sys_oper_log_ot`(`oper_time` ASC) USING BTREE
) ENGINE = InnoDB AUTO_INCREMENT = 123 CHARACTER SET = utf8mb4 COLLATE = utf8mb4_unicode_ci COMMENT = '操作日志记录' ROW_FORMAT = Dynamic;

-- ----------------------------
-- Records of sys_oper_log
-- ----------------------------
INSERT INTO `sys_oper_log` VALUES (100, '代码生成', 6, 'com.ruoyi.gen.controller.GenController.importTableSave()', 'POST', 1, 'admin', NULL, '/gen/importTable', '127.0.0.1', '', '{\"tables\":\"mkt_coupon,mkt_user_coupon,pts_account,pts_log,ord_item,ord_order,ord_payment\",\"tplWebType\":\"element-ui\"}', '{\"msg\":\"操作成功\",\"code\":200}', 0, NULL, '2026-04-27 19:03:11', 689);
INSERT INTO `sys_oper_log` VALUES (101, '菜单管理', 1, 'com.ruoyi.system.controller.SysMenuController.add()', 'POST', 1, 'admin', NULL, '/menu', '127.0.0.1', '', '{\"children\":[],\"createBy\":\"admin\",\"icon\":\"build\",\"isCache\":\"0\",\"isFrame\":\"1\",\"menuName\":\"订单管理\",\"menuType\":\"M\",\"orderNum\":4,\"params\":{},\"parentId\":0,\"path\":\"/order\",\"status\":\"0\",\"visible\":\"0\"} ', '{\"msg\":\"操作成功\",\"code\":200}', 0, NULL, '2026-04-27 19:05:23', 89);
INSERT INTO `sys_oper_log` VALUES (102, '菜单管理', 2, 'com.ruoyi.system.controller.SysMenuController.edit()', 'PUT', 1, 'admin', NULL, '/menu', '127.0.0.1', '', '{\"children\":[],\"createTime\":\"2026-04-26 21:27:50\",\"icon\":\"guide\",\"isCache\":\"0\",\"isFrame\":\"0\",\"menuId\":4,\"menuName\":\"若依官网\",\"menuType\":\"M\",\"orderNum\":100,\"params\":{},\"parentId\":0,\"path\":\"http://ruoyi.vip\",\"perms\":\"\",\"query\":\"\",\"routeName\":\"\",\"status\":\"0\",\"updateBy\":\"admin\",\"visible\":\"0\"} ', '{\"msg\":\"操作成功\",\"code\":200}', 0, NULL, '2026-04-27 19:05:42', 23);
INSERT INTO `sys_oper_log` VALUES (103, '代码生成', 2, 'com.ruoyi.gen.controller.GenController.editSave()', 'PUT', 1, 'admin', NULL, '/gen', '127.0.0.1', '', '{\"businessName\":\"OrdItem\",\"className\":\"OrdItem\",\"columns\":[{\"capJavaField\":\"Id\",\"columnId\":21,\"columnName\":\"id\",\"columnType\":\"bigint(20)\",\"createBy\":\"admin\",\"createTime\":\"2026-04-27 19:03:10\",\"dictType\":\"\",\"edit\":false,\"htmlType\":\"input\",\"increment\":true,\"insert\":true,\"isIncrement\":\"1\",\"isInsert\":\"1\",\"isPk\":\"1\",\"javaField\":\"id\",\"javaType\":\"Long\",\"list\":false,\"params\":{},\"pk\":true,\"query\":false,\"queryType\":\"EQ\",\"required\":false,\"sort\":1,\"superColumn\":false,\"tableId\":3,\"updateBy\":\"\",\"usableColumn\":false},{\"capJavaField\":\"OrderId\",\"columnComment\":\"关联订单ID\",\"columnId\":22,\"columnName\":\"order_id\",\"columnType\":\"bigint(20)\",\"createBy\":\"admin\",\"createTime\":\"2026-04-27 19:03:10\",\"dictType\":\"\",\"edit\":true,\"htmlType\":\"input\",\"increment\":false,\"insert\":true,\"isEdit\":\"1\",\"isIncrement\":\"0\",\"isInsert\":\"1\",\"isList\":\"1\",\"isPk\":\"0\",\"isQuery\":\"1\",\"isRequired\":\"1\",\"javaField\":\"orderId\",\"javaType\":\"Long\",\"list\":true,\"params\":{},\"pk\":false,\"query\":true,\"queryType\":\"EQ\",\"required\":true,\"sort\":2,\"superColumn\":false,\"tableId\":3,\"updateBy\":\"\",\"usableColumn\":false},{\"capJavaField\":\"ProductId\",\"columnComment\":\"商品ID\",\"columnId\":23,\"columnName\":\"product_id\",\"columnType\":\"bigint(20)\",\"createBy\":\"admin\",\"createTime\":\"2026-04-27 19:03:10\",\"dictType\":\"\",\"edit\":true,\"htmlType\":\"input\",\"increment\":false,\"insert\":true,\"isEdit\":\"1\",\"isIncrement\":\"0\",\"isInsert\":\"1\",\"isList\":\"1\",\"isPk\":\"0\",\"isQuery\":\"1\",\"isRequired\":\"1\",\"javaField\":\"productId\",\"javaType\":\"Long\",\"list\":true,\"params\":{},\"pk\":false,\"query\":true,\"queryType\":\"EQ\",\"required\":true,\"sort\":3,\"superColumn\":false,\"tableId\":3,\"updateBy\":\"\",\"usableColumn\":false},{\"capJavaField\":\"ProductName\",\"columnComment\":\"商品名称快照\",\"columnId\":24,\"columnName\":\"product_name\",\"columnType\":\"varchar(255)\",\"createBy\":\"admin\",\"createTime\":\"2026-04-27 19:03:10\",\"dictType\":\"\",\"edit\":true,\"htmlType\":\"input\",\"increment\":false,\"insert\":true,\"isEdit\":\"1\",\"isIncrement\":\"0\",\"isInsert\":\"1\",\"isList\":\"1\",\"isPk\":\"0\",\"isQuery\":\"1\",\"isRequired\":\"1\",\"javaField\":\"productName\",\"javaType\":\"Str', '{\"msg\":\"操作成功\",\"code\":200}', 0, NULL, '2026-04-27 19:07:04', 190);
INSERT INTO `sys_oper_log` VALUES (104, '代码生成', 8, 'com.ruoyi.gen.controller.GenController.batchGenCode()', 'GET', 1, 'admin', NULL, '/gen/batchGenCode', '127.0.0.1', '', '{\"tables\":\"ord_item\"}', NULL, 0, NULL, '2026-04-27 19:09:37', 181);
INSERT INTO `sys_oper_log` VALUES (105, '代码生成', 2, 'com.ruoyi.gen.controller.GenController.editSave()', 'PUT', 1, 'admin', NULL, '/gen', '127.0.0.1', '', '{\"businessName\":\"OrdOrder\",\"className\":\"OrdOrder\",\"columns\":[{\"capJavaField\":\"Id\",\"columnComment\":\"主键ID\",\"columnId\":29,\"columnName\":\"id\",\"columnType\":\"bigint(20)\",\"createBy\":\"admin\",\"createTime\":\"2026-04-27 19:03:10\",\"dictType\":\"\",\"edit\":false,\"htmlType\":\"input\",\"increment\":true,\"insert\":true,\"isIncrement\":\"1\",\"isInsert\":\"1\",\"isPk\":\"1\",\"javaField\":\"id\",\"javaType\":\"Long\",\"list\":false,\"params\":{},\"pk\":true,\"query\":false,\"queryType\":\"EQ\",\"required\":false,\"sort\":1,\"superColumn\":false,\"tableId\":4,\"updateBy\":\"\",\"usableColumn\":false},{\"capJavaField\":\"OrderSn\",\"columnComment\":\"订单编号\",\"columnId\":30,\"columnName\":\"order_sn\",\"columnType\":\"varchar(64)\",\"createBy\":\"admin\",\"createTime\":\"2026-04-27 19:03:10\",\"dictType\":\"\",\"edit\":true,\"htmlType\":\"input\",\"increment\":false,\"insert\":true,\"isEdit\":\"1\",\"isIncrement\":\"0\",\"isInsert\":\"1\",\"isList\":\"1\",\"isPk\":\"0\",\"isQuery\":\"1\",\"isRequired\":\"1\",\"javaField\":\"orderSn\",\"javaType\":\"String\",\"list\":true,\"params\":{},\"pk\":false,\"query\":true,\"queryType\":\"EQ\",\"required\":true,\"sort\":2,\"superColumn\":false,\"tableId\":4,\"updateBy\":\"\",\"usableColumn\":false},{\"capJavaField\":\"MemberId\",\"columnComment\":\"用户ID\",\"columnId\":31,\"columnName\":\"member_id\",\"columnType\":\"bigint(20)\",\"createBy\":\"admin\",\"createTime\":\"2026-04-27 19:03:10\",\"dictType\":\"\",\"edit\":true,\"htmlType\":\"input\",\"increment\":false,\"insert\":true,\"isEdit\":\"1\",\"isIncrement\":\"0\",\"isInsert\":\"1\",\"isList\":\"1\",\"isPk\":\"0\",\"isQuery\":\"1\",\"isRequired\":\"1\",\"javaField\":\"memberId\",\"javaType\":\"Long\",\"list\":true,\"params\":{},\"pk\":false,\"query\":true,\"queryType\":\"EQ\",\"required\":true,\"sort\":3,\"superColumn\":false,\"tableId\":4,\"updateBy\":\"\",\"usableColumn\":false},{\"capJavaField\":\"Status\",\"columnComment\":\"状态:0-待支付;1-待发货;2-已发货;3-已完成;4-已关闭\",\"columnId\":32,\"columnName\":\"status\",\"columnType\":\"tinyint(4)\",\"createBy\":\"admin\",\"createTime\":\"2026-04-27 19:03:10\",\"dictType\":\"\",\"edit\":true,\"htmlType\":\"radio\",\"increment\":false,\"insert\":true,\"isEdit\":\"1\",\"isIncrement\":\"0\",\"isInsert\":\"1\",\"isList\":\"1\",\"isPk\":\"0\",\"isQuery\":\"1\",\"isRequired\":\"1\",\"java', '{\"msg\":\"操作成功\",\"code\":200}', 0, NULL, '2026-04-27 19:29:29', 69);
INSERT INTO `sys_oper_log` VALUES (106, '代码生成', 2, 'com.ruoyi.gen.controller.GenController.editSave()', 'PUT', 1, 'admin', NULL, '/gen', '127.0.0.1', '', '{\"businessName\":\"OrdItem\",\"className\":\"OrdItem\",\"columns\":[{\"capJavaField\":\"Id\",\"columnId\":21,\"columnName\":\"id\",\"columnType\":\"bigint(20)\",\"createBy\":\"admin\",\"createTime\":\"2026-04-27 19:03:10\",\"dictType\":\"\",\"edit\":false,\"htmlType\":\"input\",\"increment\":true,\"insert\":true,\"isIncrement\":\"1\",\"isInsert\":\"1\",\"isPk\":\"1\",\"javaField\":\"id\",\"javaType\":\"Long\",\"list\":false,\"params\":{},\"pk\":true,\"query\":false,\"queryType\":\"EQ\",\"required\":false,\"sort\":1,\"superColumn\":false,\"tableId\":3,\"updateBy\":\"\",\"updateTime\":\"2026-04-27 19:07:04\",\"usableColumn\":false},{\"capJavaField\":\"OrderId\",\"columnComment\":\"关联订单ID\",\"columnId\":22,\"columnName\":\"order_id\",\"columnType\":\"bigint(20)\",\"createBy\":\"admin\",\"createTime\":\"2026-04-27 19:03:10\",\"dictType\":\"\",\"edit\":true,\"htmlType\":\"input\",\"increment\":false,\"insert\":true,\"isEdit\":\"1\",\"isIncrement\":\"0\",\"isInsert\":\"1\",\"isList\":\"1\",\"isPk\":\"0\",\"isQuery\":\"1\",\"isRequired\":\"1\",\"javaField\":\"orderId\",\"javaType\":\"Long\",\"list\":true,\"params\":{},\"pk\":false,\"query\":true,\"queryType\":\"EQ\",\"required\":true,\"sort\":2,\"superColumn\":false,\"tableId\":3,\"updateBy\":\"\",\"updateTime\":\"2026-04-27 19:07:04\",\"usableColumn\":false},{\"capJavaField\":\"ProductId\",\"columnComment\":\"商品ID\",\"columnId\":23,\"columnName\":\"product_id\",\"columnType\":\"bigint(20)\",\"createBy\":\"admin\",\"createTime\":\"2026-04-27 19:03:10\",\"dictType\":\"\",\"edit\":true,\"htmlType\":\"input\",\"increment\":false,\"insert\":true,\"isEdit\":\"1\",\"isIncrement\":\"0\",\"isInsert\":\"1\",\"isList\":\"1\",\"isPk\":\"0\",\"isQuery\":\"1\",\"isRequired\":\"1\",\"javaField\":\"productId\",\"javaType\":\"Long\",\"list\":true,\"params\":{},\"pk\":false,\"query\":true,\"queryType\":\"EQ\",\"required\":true,\"sort\":3,\"superColumn\":false,\"tableId\":3,\"updateBy\":\"\",\"updateTime\":\"2026-04-27 19:07:04\",\"usableColumn\":false},{\"capJavaField\":\"ProductName\",\"columnComment\":\"商品名称快照\",\"columnId\":24,\"columnName\":\"product_name\",\"columnType\":\"varchar(255)\",\"createBy\":\"admin\",\"createTime\":\"2026-04-27 19:03:10\",\"dictType\":\"\",\"edit\":true,\"htmlType\":\"input\",\"increment\":false,\"insert\":true,\"isEdit\":\"1\",\"isIncrement\":\"0\",\"isIns', '{\"msg\":\"操作成功\",\"code\":200}', 0, NULL, '2026-04-27 19:30:30', 42);
INSERT INTO `sys_oper_log` VALUES (107, '代码生成', 2, 'com.ruoyi.gen.controller.GenController.editSave()', 'PUT', 1, 'admin', NULL, '/gen', '127.0.0.1', '', '{\"businessName\":\"OrdOrder\",\"className\":\"OrdOrder\",\"columns\":[{\"capJavaField\":\"Id\",\"columnComment\":\"主键ID\",\"columnId\":29,\"columnName\":\"id\",\"columnType\":\"bigint(20)\",\"createBy\":\"admin\",\"createTime\":\"2026-04-27 19:03:10\",\"dictType\":\"\",\"edit\":false,\"htmlType\":\"input\",\"increment\":true,\"insert\":true,\"isIncrement\":\"1\",\"isInsert\":\"1\",\"isPk\":\"1\",\"javaField\":\"id\",\"javaType\":\"Long\",\"list\":false,\"params\":{},\"pk\":true,\"query\":false,\"queryType\":\"EQ\",\"required\":false,\"sort\":1,\"superColumn\":false,\"tableId\":4,\"updateBy\":\"\",\"updateTime\":\"2026-04-27 19:29:29\",\"usableColumn\":false},{\"capJavaField\":\"OrderSn\",\"columnComment\":\"订单编号\",\"columnId\":30,\"columnName\":\"order_sn\",\"columnType\":\"varchar(64)\",\"createBy\":\"admin\",\"createTime\":\"2026-04-27 19:03:10\",\"dictType\":\"\",\"edit\":true,\"htmlType\":\"input\",\"increment\":false,\"insert\":true,\"isEdit\":\"1\",\"isIncrement\":\"0\",\"isInsert\":\"1\",\"isList\":\"1\",\"isPk\":\"0\",\"isQuery\":\"1\",\"isRequired\":\"1\",\"javaField\":\"orderSn\",\"javaType\":\"String\",\"list\":true,\"params\":{},\"pk\":false,\"query\":true,\"queryType\":\"EQ\",\"required\":true,\"sort\":2,\"superColumn\":false,\"tableId\":4,\"updateBy\":\"\",\"updateTime\":\"2026-04-27 19:29:29\",\"usableColumn\":false},{\"capJavaField\":\"MemberId\",\"columnComment\":\"用户ID\",\"columnId\":31,\"columnName\":\"member_id\",\"columnType\":\"bigint(20)\",\"createBy\":\"admin\",\"createTime\":\"2026-04-27 19:03:10\",\"dictType\":\"\",\"edit\":true,\"htmlType\":\"input\",\"increment\":false,\"insert\":true,\"isEdit\":\"1\",\"isIncrement\":\"0\",\"isInsert\":\"1\",\"isList\":\"1\",\"isPk\":\"0\",\"isQuery\":\"1\",\"isRequired\":\"1\",\"javaField\":\"memberId\",\"javaType\":\"Long\",\"list\":true,\"params\":{},\"pk\":false,\"query\":true,\"queryType\":\"EQ\",\"required\":true,\"sort\":3,\"superColumn\":false,\"tableId\":4,\"updateBy\":\"\",\"updateTime\":\"2026-04-27 19:29:29\",\"usableColumn\":false},{\"capJavaField\":\"Status\",\"columnComment\":\"状态:0-待支付;1-待发货;2-已发货;3-已完成;4-已关闭\",\"columnId\":32,\"columnName\":\"status\",\"columnType\":\"tinyint(4)\",\"createBy\":\"admin\",\"createTime\":\"2026-04-27 19:03:10\",\"dictType\":\"\",\"edit\":true,\"htmlType\":\"radio\",\"increment\":false,\"insert\":true,\"', '{\"msg\":\"操作成功\",\"code\":200}', 0, NULL, '2026-04-27 19:31:17', 48);
INSERT INTO `sys_oper_log` VALUES (108, '代码生成', 2, 'com.ruoyi.gen.controller.GenController.editSave()', 'PUT', 1, 'admin', NULL, '/gen', '127.0.0.1', '', '{\"businessName\":\"OrdPayment\",\"className\":\"OrdPayment\",\"columns\":[{\"capJavaField\":\"Id\",\"columnId\":43,\"columnName\":\"id\",\"columnType\":\"bigint(20)\",\"createBy\":\"admin\",\"createTime\":\"2026-04-27 19:03:10\",\"dictType\":\"\",\"edit\":false,\"htmlType\":\"input\",\"increment\":true,\"insert\":true,\"isIncrement\":\"1\",\"isInsert\":\"1\",\"isPk\":\"1\",\"javaField\":\"id\",\"javaType\":\"Long\",\"list\":false,\"params\":{},\"pk\":true,\"query\":false,\"queryType\":\"EQ\",\"required\":false,\"sort\":1,\"superColumn\":false,\"tableId\":5,\"updateBy\":\"\",\"usableColumn\":false},{\"capJavaField\":\"OrderId\",\"columnComment\":\"关联订单ID\",\"columnId\":44,\"columnName\":\"order_id\",\"columnType\":\"bigint(20)\",\"createBy\":\"admin\",\"createTime\":\"2026-04-27 19:03:10\",\"dictType\":\"\",\"edit\":true,\"htmlType\":\"input\",\"increment\":false,\"insert\":true,\"isEdit\":\"1\",\"isIncrement\":\"0\",\"isInsert\":\"1\",\"isList\":\"1\",\"isPk\":\"0\",\"isQuery\":\"1\",\"isRequired\":\"1\",\"javaField\":\"orderId\",\"javaType\":\"Long\",\"list\":true,\"params\":{},\"pk\":false,\"query\":true,\"queryType\":\"EQ\",\"required\":true,\"sort\":2,\"superColumn\":false,\"tableId\":5,\"updateBy\":\"\",\"usableColumn\":false},{\"capJavaField\":\"PaymentSn\",\"columnComment\":\"支付流水号\",\"columnId\":45,\"columnName\":\"payment_sn\",\"columnType\":\"varchar(64)\",\"createBy\":\"admin\",\"createTime\":\"2026-04-27 19:03:10\",\"dictType\":\"\",\"edit\":true,\"htmlType\":\"input\",\"increment\":false,\"insert\":true,\"isEdit\":\"1\",\"isIncrement\":\"0\",\"isInsert\":\"1\",\"isList\":\"1\",\"isPk\":\"0\",\"isQuery\":\"1\",\"isRequired\":\"1\",\"javaField\":\"paymentSn\",\"javaType\":\"String\",\"list\":true,\"params\":{},\"pk\":false,\"query\":true,\"queryType\":\"EQ\",\"required\":true,\"sort\":3,\"superColumn\":false,\"tableId\":5,\"updateBy\":\"\",\"usableColumn\":false},{\"capJavaField\":\"TransactionId\",\"columnComment\":\"第三方交易号\",\"columnId\":46,\"columnName\":\"transaction_id\",\"columnType\":\"varchar(64)\",\"createBy\":\"admin\",\"createTime\":\"2026-04-27 19:03:10\",\"dictType\":\"\",\"edit\":true,\"htmlType\":\"input\",\"increment\":false,\"insert\":true,\"isEdit\":\"1\",\"isIncrement\":\"0\",\"isInsert\":\"1\",\"isList\":\"1\",\"isPk\":\"0\",\"isQuery\":\"1\",\"javaField\":\"transactionId\",\"javaType\":\"Strin', '{\"msg\":\"操作成功\",\"code\":200}', 0, NULL, '2026-04-27 19:32:12', 30);
INSERT INTO `sys_oper_log` VALUES (109, '代码生成', 2, 'com.ruoyi.gen.controller.GenController.editSave()', 'PUT', 1, 'admin', NULL, '/gen', '127.0.0.1', '', '{\"businessName\":\"OrdItem\",\"className\":\"OrdItem\",\"columns\":[{\"capJavaField\":\"Id\",\"columnId\":21,\"columnName\":\"id\",\"columnType\":\"bigint(20)\",\"createBy\":\"admin\",\"createTime\":\"2026-04-27 19:03:10\",\"dictType\":\"\",\"edit\":false,\"htmlType\":\"input\",\"increment\":true,\"insert\":true,\"isIncrement\":\"1\",\"isInsert\":\"1\",\"isPk\":\"1\",\"javaField\":\"id\",\"javaType\":\"Long\",\"list\":false,\"params\":{},\"pk\":true,\"query\":false,\"queryType\":\"EQ\",\"required\":false,\"sort\":1,\"superColumn\":false,\"tableId\":3,\"updateBy\":\"\",\"updateTime\":\"2026-04-27 19:30:30\",\"usableColumn\":false},{\"capJavaField\":\"OrderId\",\"columnComment\":\"关联订单ID\",\"columnId\":22,\"columnName\":\"order_id\",\"columnType\":\"bigint(20)\",\"createBy\":\"admin\",\"createTime\":\"2026-04-27 19:03:10\",\"dictType\":\"\",\"edit\":true,\"htmlType\":\"input\",\"increment\":false,\"insert\":true,\"isEdit\":\"1\",\"isIncrement\":\"0\",\"isInsert\":\"1\",\"isList\":\"1\",\"isPk\":\"0\",\"isQuery\":\"1\",\"isRequired\":\"1\",\"javaField\":\"orderId\",\"javaType\":\"Long\",\"list\":true,\"params\":{},\"pk\":false,\"query\":true,\"queryType\":\"EQ\",\"required\":true,\"sort\":2,\"superColumn\":false,\"tableId\":3,\"updateBy\":\"\",\"updateTime\":\"2026-04-27 19:30:30\",\"usableColumn\":false},{\"capJavaField\":\"ProductId\",\"columnComment\":\"商品ID\",\"columnId\":23,\"columnName\":\"product_id\",\"columnType\":\"bigint(20)\",\"createBy\":\"admin\",\"createTime\":\"2026-04-27 19:03:10\",\"dictType\":\"\",\"edit\":true,\"htmlType\":\"input\",\"increment\":false,\"insert\":true,\"isEdit\":\"1\",\"isIncrement\":\"0\",\"isInsert\":\"1\",\"isList\":\"1\",\"isPk\":\"0\",\"isQuery\":\"1\",\"isRequired\":\"1\",\"javaField\":\"productId\",\"javaType\":\"Long\",\"list\":true,\"params\":{},\"pk\":false,\"query\":true,\"queryType\":\"EQ\",\"required\":true,\"sort\":3,\"superColumn\":false,\"tableId\":3,\"updateBy\":\"\",\"updateTime\":\"2026-04-27 19:30:30\",\"usableColumn\":false},{\"capJavaField\":\"ProductName\",\"columnComment\":\"商品名称快照\",\"columnId\":24,\"columnName\":\"product_name\",\"columnType\":\"varchar(255)\",\"createBy\":\"admin\",\"createTime\":\"2026-04-27 19:03:10\",\"dictType\":\"\",\"edit\":true,\"htmlType\":\"input\",\"increment\":false,\"insert\":true,\"isEdit\":\"1\",\"isIncrement\":\"0\",\"isIns', '{\"msg\":\"操作成功\",\"code\":200}', 0, NULL, '2026-04-27 19:32:41', 42);
INSERT INTO `sys_oper_log` VALUES (110, '代码生成', 8, 'com.ruoyi.gen.controller.GenController.batchGenCode()', 'GET', 1, 'admin', NULL, '/gen/batchGenCode', '127.0.0.1', '', '{\"tables\":\"ord_item,ord_order,ord_payment\"}', NULL, 0, NULL, '2026-04-27 19:33:28', 308);
INSERT INTO `sys_oper_log` VALUES (111, '菜单管理', 2, 'com.ruoyi.system.controller.SysMenuController.edit()', 'PUT', 1, 'admin', NULL, '/menu', '127.0.0.1', '', '{\"children\":[],\"createTime\":\"2026-04-26 21:27:50\",\"icon\":\"system\",\"isCache\":\"0\",\"isFrame\":\"1\",\"menuId\":1,\"menuName\":\"系统管理\",\"menuType\":\"M\",\"orderNum\":10,\"params\":{},\"parentId\":0,\"path\":\"system\",\"perms\":\"\",\"query\":\"\",\"routeName\":\"\",\"status\":\"0\",\"updateBy\":\"admin\",\"visible\":\"0\"} ', '{\"msg\":\"操作成功\",\"code\":200}', 0, NULL, '2026-04-27 20:30:01', 100);
INSERT INTO `sys_oper_log` VALUES (112, '菜单管理', 2, 'com.ruoyi.system.controller.SysMenuController.edit()', 'PUT', 1, 'admin', NULL, '/menu', '127.0.0.1', '', '{\"children\":[],\"createTime\":\"2026-04-26 21:27:50\",\"icon\":\"tool\",\"isCache\":\"0\",\"isFrame\":\"1\",\"menuId\":3,\"menuName\":\"系统工具\",\"menuType\":\"M\",\"orderNum\":30,\"params\":{},\"parentId\":0,\"path\":\"tool\",\"perms\":\"\",\"query\":\"\",\"routeName\":\"\",\"status\":\"0\",\"updateBy\":\"admin\",\"visible\":\"0\"} ', '{\"msg\":\"操作成功\",\"code\":200}', 0, NULL, '2026-04-27 20:30:04', 24);
INSERT INTO `sys_oper_log` VALUES (113, '菜单管理', 2, 'com.ruoyi.system.controller.SysMenuController.edit()', 'PUT', 1, 'admin', NULL, '/menu', '127.0.0.1', '', '{\"children\":[],\"createTime\":\"2026-04-26 21:27:50\",\"icon\":\"monitor\",\"isCache\":\"0\",\"isFrame\":\"1\",\"menuId\":2,\"menuName\":\"系统监控\",\"menuType\":\"M\",\"orderNum\":20,\"params\":{},\"parentId\":0,\"path\":\"monitor\",\"perms\":\"\",\"query\":\"\",\"routeName\":\"\",\"status\":\"0\",\"updateBy\":\"admin\",\"visible\":\"0\"} ', '{\"msg\":\"操作成功\",\"code\":200}', 0, NULL, '2026-04-27 20:30:09', 20);
INSERT INTO `sys_oper_log` VALUES (114, '菜单管理', 2, 'com.ruoyi.system.controller.SysMenuController.edit()', 'PUT', 1, 'admin', NULL, '/menu', '127.0.0.1', '', '{\"children\":[],\"createTime\":\"2026-04-27 19:05:22\",\"icon\":\"build\",\"isCache\":\"0\",\"isFrame\":\"1\",\"menuId\":2000,\"menuName\":\"订单管理\",\"menuType\":\"M\",\"orderNum\":1,\"params\":{},\"parentId\":0,\"path\":\"/order\",\"perms\":\"\",\"routeName\":\"\",\"status\":\"0\",\"updateBy\":\"admin\",\"visible\":\"0\"} ', '{\"msg\":\"操作成功\",\"code\":200}', 0, NULL, '2026-04-27 20:30:17', 25);
INSERT INTO `sys_oper_log` VALUES (115, '菜单管理', 1, 'com.ruoyi.system.controller.SysMenuController.add()', 'POST', 1, 'admin', NULL, '/menu', '127.0.0.1', '', '{\"children\":[],\"createBy\":\"admin\",\"icon\":\"edit\",\"isCache\":\"0\",\"isFrame\":\"1\",\"menuName\":\"积分管理\",\"menuType\":\"M\",\"orderNum\":2,\"params\":{},\"parentId\":0,\"path\":\"points\",\"status\":\"0\",\"visible\":\"0\"} ', '{\"msg\":\"操作成功\",\"code\":200}', 0, NULL, '2026-04-27 20:31:23', 12);
INSERT INTO `sys_oper_log` VALUES (116, '菜单管理', 2, 'com.ruoyi.system.controller.SysMenuController.edit()', 'PUT', 1, 'admin', NULL, '/menu', '127.0.0.1', '', '{\"children\":[],\"createTime\":\"2026-04-27 19:05:22\",\"icon\":\"shopping\",\"isCache\":\"0\",\"isFrame\":\"1\",\"menuId\":2000,\"menuName\":\"订单管理\",\"menuType\":\"M\",\"orderNum\":1,\"params\":{},\"parentId\":0,\"path\":\"/order\",\"perms\":\"\",\"routeName\":\"\",\"status\":\"0\",\"updateBy\":\"admin\",\"visible\":\"0\"} ', '{\"msg\":\"操作成功\",\"code\":200}', 0, NULL, '2026-04-27 20:31:39', 18);
INSERT INTO `sys_oper_log` VALUES (117, '代码生成', 2, 'com.ruoyi.gen.controller.GenController.editSave()', 'PUT', 1, 'admin', NULL, '/gen', '127.0.0.1', '', '{\"businessName\":\"PtsAccount\",\"className\":\"PtsAccount\",\"columns\":[{\"capJavaField\":\"UserId\",\"columnComment\":\"用户ID\",\"columnId\":51,\"columnName\":\"user_id\",\"columnType\":\"bigint(20)\",\"createBy\":\"admin\",\"createTime\":\"2026-04-27 19:03:10\",\"dictType\":\"\",\"edit\":false,\"htmlType\":\"input\",\"increment\":false,\"insert\":true,\"isIncrement\":\"0\",\"isInsert\":\"1\",\"isPk\":\"1\",\"javaField\":\"userId\",\"javaType\":\"Long\",\"list\":false,\"params\":{},\"pk\":true,\"query\":false,\"queryType\":\"EQ\",\"required\":false,\"sort\":1,\"superColumn\":false,\"tableId\":6,\"updateBy\":\"\",\"usableColumn\":false},{\"capJavaField\":\"TotalPoints\",\"columnComment\":\"总积分\",\"columnId\":52,\"columnName\":\"total_points\",\"columnType\":\"bigint(20)\",\"createBy\":\"admin\",\"createTime\":\"2026-04-27 19:03:10\",\"dictType\":\"\",\"edit\":true,\"htmlType\":\"input\",\"increment\":false,\"insert\":true,\"isEdit\":\"1\",\"isIncrement\":\"0\",\"isInsert\":\"1\",\"isList\":\"1\",\"isPk\":\"0\",\"isQuery\":\"1\",\"isRequired\":\"1\",\"javaField\":\"totalPoints\",\"javaType\":\"Long\",\"list\":true,\"params\":{},\"pk\":false,\"query\":true,\"queryType\":\"EQ\",\"required\":true,\"sort\":2,\"superColumn\":false,\"tableId\":6,\"updateBy\":\"\",\"usableColumn\":false},{\"capJavaField\":\"FrozenPoints\",\"columnComment\":\"冻结积分\",\"columnId\":53,\"columnName\":\"frozen_points\",\"columnType\":\"bigint(20)\",\"createBy\":\"admin\",\"createTime\":\"2026-04-27 19:03:10\",\"dictType\":\"\",\"edit\":true,\"htmlType\":\"input\",\"increment\":false,\"insert\":true,\"isEdit\":\"1\",\"isIncrement\":\"0\",\"isInsert\":\"1\",\"isList\":\"1\",\"isPk\":\"0\",\"isQuery\":\"1\",\"isRequired\":\"1\",\"javaField\":\"frozenPoints\",\"javaType\":\"Long\",\"list\":true,\"params\":{},\"pk\":false,\"query\":true,\"queryType\":\"EQ\",\"required\":true,\"sort\":3,\"superColumn\":false,\"tableId\":6,\"updateBy\":\"\",\"usableColumn\":false},{\"capJavaField\":\"Version\",\"columnComment\":\"乐观锁版本\",\"columnId\":54,\"columnName\":\"version\",\"columnType\":\"int(11)\",\"createBy\":\"admin\",\"createTime\":\"2026-04-27 19:03:10\",\"dictType\":\"\",\"edit\":true,\"htmlType\":\"input\",\"increment\":false,\"insert\":true,\"isEdit\":\"1\",\"isIncrement\":\"0\",\"isInsert\":\"1\",\"isList\":\"1\",\"isPk\":\"0\",\"isQuery\":\"1\",\"isRequired\"', '{\"msg\":\"操作成功\",\"code\":200}', 0, NULL, '2026-04-27 20:32:53', 50);
INSERT INTO `sys_oper_log` VALUES (118, '代码生成', 2, 'com.ruoyi.gen.controller.GenController.editSave()', 'PUT', 1, 'admin', NULL, '/gen', '127.0.0.1', '', '{\"businessName\":\"PtsLog\",\"className\":\"PtsLog\",\"columns\":[{\"capJavaField\":\"Id\",\"columnId\":56,\"columnName\":\"id\",\"columnType\":\"bigint(20)\",\"createBy\":\"admin\",\"createTime\":\"2026-04-27 19:03:10\",\"dictType\":\"\",\"edit\":false,\"htmlType\":\"input\",\"increment\":true,\"insert\":true,\"isIncrement\":\"1\",\"isInsert\":\"1\",\"isPk\":\"1\",\"javaField\":\"id\",\"javaType\":\"Long\",\"list\":false,\"params\":{},\"pk\":true,\"query\":false,\"queryType\":\"EQ\",\"required\":false,\"sort\":1,\"superColumn\":false,\"tableId\":7,\"updateBy\":\"\",\"usableColumn\":false},{\"capJavaField\":\"UserId\",\"columnComment\":\"用户ID\",\"columnId\":57,\"columnName\":\"user_id\",\"columnType\":\"bigint(20)\",\"createBy\":\"admin\",\"createTime\":\"2026-04-27 19:03:10\",\"dictType\":\"\",\"edit\":true,\"htmlType\":\"input\",\"increment\":false,\"insert\":true,\"isEdit\":\"1\",\"isIncrement\":\"0\",\"isInsert\":\"1\",\"isList\":\"1\",\"isPk\":\"0\",\"isQuery\":\"1\",\"isRequired\":\"1\",\"javaField\":\"userId\",\"javaType\":\"Long\",\"list\":true,\"params\":{},\"pk\":false,\"query\":true,\"queryType\":\"EQ\",\"required\":true,\"sort\":2,\"superColumn\":false,\"tableId\":7,\"updateBy\":\"\",\"usableColumn\":false},{\"capJavaField\":\"Type\",\"columnComment\":\"类型:1-增加;2-扣减\",\"columnId\":58,\"columnName\":\"type\",\"columnType\":\"tinyint(4)\",\"createBy\":\"admin\",\"createTime\":\"2026-04-27 19:03:10\",\"dictType\":\"\",\"edit\":true,\"htmlType\":\"select\",\"increment\":false,\"insert\":true,\"isEdit\":\"1\",\"isIncrement\":\"0\",\"isInsert\":\"1\",\"isList\":\"1\",\"isPk\":\"0\",\"isQuery\":\"1\",\"isRequired\":\"1\",\"javaField\":\"type\",\"javaType\":\"Integer\",\"list\":true,\"params\":{},\"pk\":false,\"query\":true,\"queryType\":\"EQ\",\"required\":true,\"sort\":3,\"superColumn\":false,\"tableId\":7,\"updateBy\":\"\",\"usableColumn\":false},{\"capJavaField\":\"Amount\",\"columnComment\":\"变动数值\",\"columnId\":59,\"columnName\":\"amount\",\"columnType\":\"bigint(20)\",\"createBy\":\"admin\",\"createTime\":\"2026-04-27 19:03:10\",\"dictType\":\"\",\"edit\":true,\"htmlType\":\"input\",\"increment\":false,\"insert\":true,\"isEdit\":\"1\",\"isIncrement\":\"0\",\"isInsert\":\"1\",\"isList\":\"1\",\"isPk\":\"0\",\"isQuery\":\"1\",\"isRequired\":\"1\",\"javaField\":\"amount\",\"javaType\":\"Long\",\"list\":true,\"params\":{},\"pk\"', '{\"msg\":\"操作成功\",\"code\":200}', 0, NULL, '2026-04-27 20:33:34', 16);
INSERT INTO `sys_oper_log` VALUES (119, '代码生成', 8, 'com.ruoyi.gen.controller.GenController.batchGenCode()', 'GET', 1, 'admin', NULL, '/gen/batchGenCode', '127.0.0.1', '', '{\"tables\":\"pts_account,pts_log\"}', NULL, 0, NULL, '2026-04-27 20:34:42', 1111);
INSERT INTO `sys_oper_log` VALUES (120, '订单主表', 1, 'com.ruoyi.order.controller.OrdOrderController.add()', 'POST', 1, 'admin', NULL, '/OrdOrder', '127.0.0.1', '', '{\"createTime\":\"2026-04-28 08:51:44\",\"freightAmount\":1,\"id\":1,\"memberId\":1,\"orderSn\":\"1\",\"params\":{},\"payAmount\":1,\"promotionAmount\":1,\"totalAmount\":1,\"version\":1} ', '{\"msg\":\"操作成功\",\"code\":200}', 0, NULL, '2026-04-28 08:51:44', 172);
INSERT INTO `sys_oper_log` VALUES (121, '订单主表', 3, 'com.ruoyi.order.controller.OrdOrderController.remove()', 'DELETE', 1, 'admin', NULL, '/OrdOrder/1', '127.0.0.1', '', '[1] ', '{\"msg\":\"操作成功\",\"code\":200}', 0, NULL, '2026-04-28 08:52:51', 18);
INSERT INTO `sys_oper_log` VALUES (122, '订单主表', 1, 'com.ruoyi.order.controller.OrdOrderController.add()', 'POST', 1, 'admin', NULL, '/OrdOrder', '127.0.0.1', '', '{\"createTime\":\"2026-04-28 09:51:20\",\"freightAmount\":12,\"id\":2,\"memberId\":21,\"orderSn\":\"21\",\"params\":{},\"payAmount\":12,\"promotionAmount\":12,\"totalAmount\":12,\"version\":12} ', '{\"msg\":\"操作成功\",\"code\":200}', 0, NULL, '2026-04-28 09:51:21', 178);

-- ----------------------------
-- Table structure for sys_post
-- ----------------------------
DROP TABLE IF EXISTS `sys_post`;
CREATE TABLE `sys_post`  (
  `post_id` bigint(20) NOT NULL AUTO_INCREMENT COMMENT '岗位ID',
  `post_code` varchar(64) CHARACTER SET utf8mb4 COLLATE utf8mb4_unicode_ci NOT NULL COMMENT '岗位编码',
  `post_name` varchar(50) CHARACTER SET utf8mb4 COLLATE utf8mb4_unicode_ci NOT NULL COMMENT '岗位名称',
  `post_sort` int(4) NOT NULL COMMENT '显示顺序',
  `status` char(1) CHARACTER SET utf8mb4 COLLATE utf8mb4_unicode_ci NOT NULL COMMENT '状态（0正常 1停用）',
  `create_by` varchar(64) CHARACTER SET utf8mb4 COLLATE utf8mb4_unicode_ci NULL DEFAULT '' COMMENT '创建者',
  `create_time` datetime NULL DEFAULT NULL COMMENT '创建时间',
  `update_by` varchar(64) CHARACTER SET utf8mb4 COLLATE utf8mb4_unicode_ci NULL DEFAULT '' COMMENT '更新者',
  `update_time` datetime NULL DEFAULT NULL COMMENT '更新时间',
  `remark` varchar(500) CHARACTER SET utf8mb4 COLLATE utf8mb4_unicode_ci NULL DEFAULT NULL COMMENT '备注',
  PRIMARY KEY (`post_id`) USING BTREE
) ENGINE = InnoDB AUTO_INCREMENT = 5 CHARACTER SET = utf8mb4 COLLATE = utf8mb4_unicode_ci COMMENT = '岗位信息表' ROW_FORMAT = Dynamic;

-- ----------------------------
-- Records of sys_post
-- ----------------------------
INSERT INTO `sys_post` VALUES (1, 'ceo', '董事长', 1, '0', 'admin', '2026-04-26 21:27:50', '', NULL, '');
INSERT INTO `sys_post` VALUES (2, 'se', '项目经理', 2, '0', 'admin', '2026-04-26 21:27:50', '', NULL, '');
INSERT INTO `sys_post` VALUES (3, 'hr', '人力资源', 3, '0', 'admin', '2026-04-26 21:27:50', '', NULL, '');
INSERT INTO `sys_post` VALUES (4, 'user', '普通员工', 4, '0', 'admin', '2026-04-26 21:27:50', '', NULL, '');

-- ----------------------------
-- Table structure for sys_role
-- ----------------------------
DROP TABLE IF EXISTS `sys_role`;
CREATE TABLE `sys_role`  (
  `role_id` bigint(20) NOT NULL AUTO_INCREMENT COMMENT '角色ID',
  `role_name` varchar(30) CHARACTER SET utf8mb4 COLLATE utf8mb4_unicode_ci NOT NULL COMMENT '角色名称',
  `role_key` varchar(100) CHARACTER SET utf8mb4 COLLATE utf8mb4_unicode_ci NOT NULL COMMENT '角色权限字符串',
  `role_sort` int(4) NOT NULL COMMENT '显示顺序',
  `data_scope` char(1) CHARACTER SET utf8mb4 COLLATE utf8mb4_unicode_ci NULL DEFAULT '1' COMMENT '数据范围（1：全部数据权限 2：自定数据权限 3：本部门数据权限 4：本部门及以下数据权限）',
  `menu_check_strictly` tinyint(1) NULL DEFAULT 1 COMMENT '菜单树选择项是否关联显示',
  `dept_check_strictly` tinyint(1) NULL DEFAULT 1 COMMENT '部门树选择项是否关联显示',
  `status` char(1) CHARACTER SET utf8mb4 COLLATE utf8mb4_unicode_ci NOT NULL COMMENT '角色状态（0正常 1停用）',
  `del_flag` char(1) CHARACTER SET utf8mb4 COLLATE utf8mb4_unicode_ci NULL DEFAULT '0' COMMENT '删除标志（0代表存在 2代表删除）',
  `create_by` varchar(64) CHARACTER SET utf8mb4 COLLATE utf8mb4_unicode_ci NULL DEFAULT '' COMMENT '创建者',
  `create_time` datetime NULL DEFAULT NULL COMMENT '创建时间',
  `update_by` varchar(64) CHARACTER SET utf8mb4 COLLATE utf8mb4_unicode_ci NULL DEFAULT '' COMMENT '更新者',
  `update_time` datetime NULL DEFAULT NULL COMMENT '更新时间',
  `remark` varchar(500) CHARACTER SET utf8mb4 COLLATE utf8mb4_unicode_ci NULL DEFAULT NULL COMMENT '备注',
  PRIMARY KEY (`role_id`) USING BTREE
) ENGINE = InnoDB AUTO_INCREMENT = 100 CHARACTER SET = utf8mb4 COLLATE = utf8mb4_unicode_ci COMMENT = '角色信息表' ROW_FORMAT = Dynamic;

-- ----------------------------
-- Records of sys_role
-- ----------------------------
INSERT INTO `sys_role` VALUES (1, '超级管理员', 'admin', 1, '1', 1, 1, '0', '0', 'admin', '2026-04-26 21:27:50', '', NULL, '超级管理员');
INSERT INTO `sys_role` VALUES (2, '普通角色', 'common', 2, '2', 1, 1, '0', '0', 'admin', '2026-04-26 21:27:50', '', NULL, '普通角色');

-- ----------------------------
-- Table structure for sys_role_dept
-- ----------------------------
DROP TABLE IF EXISTS `sys_role_dept`;
CREATE TABLE `sys_role_dept`  (
  `role_id` bigint(20) NOT NULL COMMENT '角色ID',
  `dept_id` bigint(20) NOT NULL COMMENT '部门ID',
  PRIMARY KEY (`role_id`, `dept_id`) USING BTREE
) ENGINE = InnoDB CHARACTER SET = utf8mb4 COLLATE = utf8mb4_unicode_ci COMMENT = '角色和部门关联表' ROW_FORMAT = Dynamic;

-- ----------------------------
-- Records of sys_role_dept
-- ----------------------------
INSERT INTO `sys_role_dept` VALUES (2, 100);
INSERT INTO `sys_role_dept` VALUES (2, 101);
INSERT INTO `sys_role_dept` VALUES (2, 105);

-- ----------------------------
-- Table structure for sys_role_menu
-- ----------------------------
DROP TABLE IF EXISTS `sys_role_menu`;
CREATE TABLE `sys_role_menu`  (
  `role_id` bigint(20) NOT NULL COMMENT '角色ID',
  `menu_id` bigint(20) NOT NULL COMMENT '菜单ID',
  PRIMARY KEY (`role_id`, `menu_id`) USING BTREE
) ENGINE = InnoDB CHARACTER SET = utf8mb4 COLLATE = utf8mb4_unicode_ci COMMENT = '角色和菜单关联表' ROW_FORMAT = Dynamic;

-- ----------------------------
-- Records of sys_role_menu
-- ----------------------------
INSERT INTO `sys_role_menu` VALUES (2, 1);
INSERT INTO `sys_role_menu` VALUES (2, 2);
INSERT INTO `sys_role_menu` VALUES (2, 3);
INSERT INTO `sys_role_menu` VALUES (2, 4);
INSERT INTO `sys_role_menu` VALUES (2, 100);
INSERT INTO `sys_role_menu` VALUES (2, 101);
INSERT INTO `sys_role_menu` VALUES (2, 102);
INSERT INTO `sys_role_menu` VALUES (2, 103);
INSERT INTO `sys_role_menu` VALUES (2, 104);
INSERT INTO `sys_role_menu` VALUES (2, 105);
INSERT INTO `sys_role_menu` VALUES (2, 106);
INSERT INTO `sys_role_menu` VALUES (2, 107);
INSERT INTO `sys_role_menu` VALUES (2, 108);
INSERT INTO `sys_role_menu` VALUES (2, 109);
INSERT INTO `sys_role_menu` VALUES (2, 110);
INSERT INTO `sys_role_menu` VALUES (2, 111);
INSERT INTO `sys_role_menu` VALUES (2, 112);
INSERT INTO `sys_role_menu` VALUES (2, 113);
INSERT INTO `sys_role_menu` VALUES (2, 114);
INSERT INTO `sys_role_menu` VALUES (2, 115);
INSERT INTO `sys_role_menu` VALUES (2, 116);
INSERT INTO `sys_role_menu` VALUES (2, 500);
INSERT INTO `sys_role_menu` VALUES (2, 501);
INSERT INTO `sys_role_menu` VALUES (2, 1000);
INSERT INTO `sys_role_menu` VALUES (2, 1001);
INSERT INTO `sys_role_menu` VALUES (2, 1002);
INSERT INTO `sys_role_menu` VALUES (2, 1003);
INSERT INTO `sys_role_menu` VALUES (2, 1004);
INSERT INTO `sys_role_menu` VALUES (2, 1005);
INSERT INTO `sys_role_menu` VALUES (2, 1006);
INSERT INTO `sys_role_menu` VALUES (2, 1007);
INSERT INTO `sys_role_menu` VALUES (2, 1008);
INSERT INTO `sys_role_menu` VALUES (2, 1009);
INSERT INTO `sys_role_menu` VALUES (2, 1010);
INSERT INTO `sys_role_menu` VALUES (2, 1011);
INSERT INTO `sys_role_menu` VALUES (2, 1012);
INSERT INTO `sys_role_menu` VALUES (2, 1013);
INSERT INTO `sys_role_menu` VALUES (2, 1014);
INSERT INTO `sys_role_menu` VALUES (2, 1015);
INSERT INTO `sys_role_menu` VALUES (2, 1016);
INSERT INTO `sys_role_menu` VALUES (2, 1017);
INSERT INTO `sys_role_menu` VALUES (2, 1018);
INSERT INTO `sys_role_menu` VALUES (2, 1019);
INSERT INTO `sys_role_menu` VALUES (2, 1020);
INSERT INTO `sys_role_menu` VALUES (2, 1021);
INSERT INTO `sys_role_menu` VALUES (2, 1022);
INSERT INTO `sys_role_menu` VALUES (2, 1023);
INSERT INTO `sys_role_menu` VALUES (2, 1024);
INSERT INTO `sys_role_menu` VALUES (2, 1025);
INSERT INTO `sys_role_menu` VALUES (2, 1026);
INSERT INTO `sys_role_menu` VALUES (2, 1027);
INSERT INTO `sys_role_menu` VALUES (2, 1028);
INSERT INTO `sys_role_menu` VALUES (2, 1029);
INSERT INTO `sys_role_menu` VALUES (2, 1030);
INSERT INTO `sys_role_menu` VALUES (2, 1031);
INSERT INTO `sys_role_menu` VALUES (2, 1032);
INSERT INTO `sys_role_menu` VALUES (2, 1033);
INSERT INTO `sys_role_menu` VALUES (2, 1034);
INSERT INTO `sys_role_menu` VALUES (2, 1035);
INSERT INTO `sys_role_menu` VALUES (2, 1036);
INSERT INTO `sys_role_menu` VALUES (2, 1037);
INSERT INTO `sys_role_menu` VALUES (2, 1038);
INSERT INTO `sys_role_menu` VALUES (2, 1039);
INSERT INTO `sys_role_menu` VALUES (2, 1040);
INSERT INTO `sys_role_menu` VALUES (2, 1041);
INSERT INTO `sys_role_menu` VALUES (2, 1042);
INSERT INTO `sys_role_menu` VALUES (2, 1043);
INSERT INTO `sys_role_menu` VALUES (2, 1044);
INSERT INTO `sys_role_menu` VALUES (2, 1045);
INSERT INTO `sys_role_menu` VALUES (2, 1046);
INSERT INTO `sys_role_menu` VALUES (2, 1047);
INSERT INTO `sys_role_menu` VALUES (2, 1048);
INSERT INTO `sys_role_menu` VALUES (2, 1049);
INSERT INTO `sys_role_menu` VALUES (2, 1050);
INSERT INTO `sys_role_menu` VALUES (2, 1051);
INSERT INTO `sys_role_menu` VALUES (2, 1052);
INSERT INTO `sys_role_menu` VALUES (2, 1053);
INSERT INTO `sys_role_menu` VALUES (2, 1054);
INSERT INTO `sys_role_menu` VALUES (2, 1055);
INSERT INTO `sys_role_menu` VALUES (2, 1056);
INSERT INTO `sys_role_menu` VALUES (2, 1057);
INSERT INTO `sys_role_menu` VALUES (2, 1058);
INSERT INTO `sys_role_menu` VALUES (2, 1059);
INSERT INTO `sys_role_menu` VALUES (2, 1060);

-- ----------------------------
-- Table structure for sys_user
-- ----------------------------
DROP TABLE IF EXISTS `sys_user`;
CREATE TABLE `sys_user`  (
  `user_id` bigint(20) NOT NULL AUTO_INCREMENT COMMENT '用户ID',
  `dept_id` bigint(20) NULL DEFAULT NULL COMMENT '部门ID',
  `user_name` varchar(30) CHARACTER SET utf8mb4 COLLATE utf8mb4_unicode_ci NOT NULL COMMENT '用户账号',
  `nick_name` varchar(30) CHARACTER SET utf8mb4 COLLATE utf8mb4_unicode_ci NOT NULL COMMENT '用户昵称',
  `user_type` varchar(2) CHARACTER SET utf8mb4 COLLATE utf8mb4_unicode_ci NULL DEFAULT '00' COMMENT '用户类型（00系统用户）',
  `email` varchar(50) CHARACTER SET utf8mb4 COLLATE utf8mb4_unicode_ci NULL DEFAULT '' COMMENT '用户邮箱',
  `phonenumber` varchar(11) CHARACTER SET utf8mb4 COLLATE utf8mb4_unicode_ci NULL DEFAULT '' COMMENT '手机号码',
  `sex` char(1) CHARACTER SET utf8mb4 COLLATE utf8mb4_unicode_ci NULL DEFAULT '0' COMMENT '用户性别（0男 1女 2未知）',
  `avatar` varchar(100) CHARACTER SET utf8mb4 COLLATE utf8mb4_unicode_ci NULL DEFAULT '' COMMENT '头像地址',
  `password` varchar(100) CHARACTER SET utf8mb4 COLLATE utf8mb4_unicode_ci NULL DEFAULT '' COMMENT '密码',
  `status` char(1) CHARACTER SET utf8mb4 COLLATE utf8mb4_unicode_ci NULL DEFAULT '0' COMMENT '账号状态（0正常 1停用）',
  `del_flag` char(1) CHARACTER SET utf8mb4 COLLATE utf8mb4_unicode_ci NULL DEFAULT '0' COMMENT '删除标志（0代表存在 2代表删除）',
  `login_ip` varchar(128) CHARACTER SET utf8mb4 COLLATE utf8mb4_unicode_ci NULL DEFAULT '' COMMENT '最后登录IP',
  `login_date` datetime NULL DEFAULT NULL COMMENT '最后登录时间',
  `pwd_update_date` datetime NULL DEFAULT NULL COMMENT '密码最后更新时间',
  `create_by` varchar(64) CHARACTER SET utf8mb4 COLLATE utf8mb4_unicode_ci NULL DEFAULT '' COMMENT '创建者',
  `create_time` datetime NULL DEFAULT NULL COMMENT '创建时间',
  `update_by` varchar(64) CHARACTER SET utf8mb4 COLLATE utf8mb4_unicode_ci NULL DEFAULT '' COMMENT '更新者',
  `update_time` datetime NULL DEFAULT NULL COMMENT '更新时间',
  `remark` varchar(500) CHARACTER SET utf8mb4 COLLATE utf8mb4_unicode_ci NULL DEFAULT NULL COMMENT '备注',
  PRIMARY KEY (`user_id`) USING BTREE
) ENGINE = InnoDB AUTO_INCREMENT = 100 CHARACTER SET = utf8mb4 COLLATE = utf8mb4_unicode_ci COMMENT = '用户信息表' ROW_FORMAT = Dynamic;

-- ----------------------------
-- Records of sys_user
-- ----------------------------
INSERT INTO `sys_user` VALUES (1, 103, 'admin', '若依', '00', 'ry@163.com', '15888888888', '1', '', '$2a$10$7JB720yubVSZvUI0rEqK/.VqGOZTH.ulu33dHOiBE8ByOhJIrdAu2', '0', '0', '127.0.0.1', '2026-04-28 16:56:52', '2026-04-26 21:27:50', 'admin', '2026-04-26 21:27:50', '', NULL, '管理员');
INSERT INTO `sys_user` VALUES (2, 105, 'ry', '若依', '00', 'ry@qq.com', '15666666666', '1', '', '$2a$10$7JB720yubVSZvUI0rEqK/.VqGOZTH.ulu33dHOiBE8ByOhJIrdAu2', '0', '0', '127.0.0.1', '2026-04-26 21:27:50', '2026-04-26 21:27:50', 'admin', '2026-04-26 21:27:50', '', NULL, '测试员');

-- ----------------------------
-- Table structure for sys_user_post
-- ----------------------------
DROP TABLE IF EXISTS `sys_user_post`;
CREATE TABLE `sys_user_post`  (
  `user_id` bigint(20) NOT NULL COMMENT '用户ID',
  `post_id` bigint(20) NOT NULL COMMENT '岗位ID',
  PRIMARY KEY (`user_id`, `post_id`) USING BTREE
) ENGINE = InnoDB CHARACTER SET = utf8mb4 COLLATE = utf8mb4_unicode_ci COMMENT = '用户与岗位关联表' ROW_FORMAT = Dynamic;

-- ----------------------------
-- Records of sys_user_post
-- ----------------------------
INSERT INTO `sys_user_post` VALUES (1, 1);
INSERT INTO `sys_user_post` VALUES (2, 2);

-- ----------------------------
-- Table structure for sys_user_role
-- ----------------------------
DROP TABLE IF EXISTS `sys_user_role`;
CREATE TABLE `sys_user_role`  (
  `user_id` bigint(20) NOT NULL COMMENT '用户ID',
  `role_id` bigint(20) NOT NULL COMMENT '角色ID',
  PRIMARY KEY (`user_id`, `role_id`) USING BTREE
) ENGINE = InnoDB CHARACTER SET = utf8mb4 COLLATE = utf8mb4_unicode_ci COMMENT = '用户和角色关联表' ROW_FORMAT = Dynamic;

-- ----------------------------
-- Records of sys_user_role
-- ----------------------------
INSERT INTO `sys_user_role` VALUES (1, 1);
INSERT INTO `sys_user_role` VALUES (2, 2);

SET FOREIGN_KEY_CHECKS = 1;
